,_step,train/logps/rejected,train/grad_norm,train/epoch,train/ref_logps/rejected,train/rewards/rejected,train/rewards/accuracies,train/losses/total,_runtime,train/loss,train/logps/chosen,train/losses/sft,_timestamp,train/losses/dpo,train/ref_logps/chosen,train/rewards/margins,train/global_step,train/learning_rate,train/rewards/chosen
0,0,-51.33769989013672,11.823368072509766,0.0,-51.33769989013672,0.0,0.0,0.6931471824645996,30.316506259,0.6931,-41.21428680419922,1.5551856756210327,1769713517.3532534,0.6931471824645996,-41.21428680419922,0.0,1,9.433962264150943e-09,0.0
1,1,-49.894996643066406,12.240202903747559,0.0,-49.894996643066406,0.0,0.0,0.6931471824645996,38.031455568,0.6931,-38.006134033203125,1.5338764190673828,1769713525.0617497,0.6931471824645996,-38.006134033203125,0.0,2,1.8867924528301887e-08,0.0
2,2,-39.461334228515625,10.382441520690918,0.01,-39.4193115234375,-0.015242815017700195,0.75,0.6903003454208374,45.675477681,0.6924,-36.59525680541992,1.6213761568069458,1769713532.7067876,0.6903003454208374,-36.568790435791016,0.005787384230643511,3,2.830188679245283e-08,-0.009455431252717972
3,3,-46.05301284790039,10.888815879821777,0.01,-46.07299041748047,0.0028820992447435856,0.5,0.6937538981437683,53.448489307,0.6934,-42.540775299072266,1.955590844154358,1769713540.4795122,0.6937538981437683,-42.55675506591797,-0.0011454345658421516,4,3.7735849056603774e-08,0.001736664678901434
4,4,-41.05623245239258,10.836875915527344,0.01,-41.087860107421875,-0.009494399651885033,0.75,0.6874995231628418,61.089161308,0.6946,-33.1575927734375,1.4910290241241455,1769713548.1557462,0.6874995231628418,-33.16114044189453,0.01141347922384739,5,4.7169811320754715e-08,0.0019190787570551038
5,5,-40.23541259765625,10.760053634643555,0.01,-40.1999626159668,-0.0026346324011683464,0.25,0.6953052878379822,68.806492708,0.6929,-35.22122573852539,1.3073160648345947,1769713555.8358269,0.6953052878379822,-35.191307067871094,-0.00427514361217618,6,5.660377358490566e-08,-0.006909776479005814
6,6,-47.008548736572266,10.748481750488281,0.01,-46.98423385620117,0.005410933867096901,0.5,0.691711962223053,76.499501424,0.6906,-39.782127380371094,1.4112025499343872,1769713563.5351043,0.691711962223053,-39.81199264526367,0.003645228687673807,7,6.60377358490566e-08,0.00905616208910942
7,7,-34.52992248535156,9.930068969726562,0.02,-34.504844665527344,-0.0011680128518491983,0.5,0.6954994201660156,84.291442373,0.6919,-36.26063537597656,1.4988094568252563,1769713571.3197634,0.6954994201660156,-36.260826110839844,-0.0046645160764455795,8,7.547169811320755e-08,-0.0058325291611254215
8,8,-46.60071563720703,11.819600105285645,0.02,-46.61273956298828,0.0027772190514951944,0.75,0.6920901536941528,91.989537414,0.694,-41.54143524169922,1.309821367263794,1769713579.0561793,0.6920901536941528,-41.536865234375,0.0021947622299194336,9,8.490566037735848e-08,0.004971981048583984
9,9,-52.01614761352539,12.344474792480469,0.02,-52.05244827270508,0.02115178294479847,0.25,0.6967577934265137,99.849481791,0.6951,-45.95487976074219,1.3703712224960327,1769713586.8806508,0.6967577934265137,-45.95248794555664,-0.0071351537480950356,10,9.433962264150943e-08,0.01401662826538086
10,10,-45.44947052001953,10.371217727661133,0.02,-45.49925994873047,0.008067441172897816,0.25,0.6985616683959961,107.965447475,0.6941,-35.486167907714844,1.4748153686523438,1769713595.0037847,0.6985616683959961,-35.518497467041016,-0.010782122611999512,11,1.0377358490566037e-07,-0.0027146819047629833
11,11,-39.52326583862305,10.74813175201416,0.02,-39.582061767578125,0.020061684772372246,0.25,0.703273355960846,115.997463109,0.6984,-40.191287994384766,1.8948367834091187,1769713603.025301,0.703273355960846,-40.14665603637695,-0.02006397396326065,12,1.1320754716981131e-07,-2.2889580577611923e-06
12,12,-37.96211242675781,10.378883361816406,0.02,-37.95011901855469,-0.000856900354847312,1.0,0.6866617202758789,123.558696952,0.6919,-33.95582962036133,1.7295321226119995,1769713610.6252599,0.6866617202758789,-33.9697380065918,0.013014841824769974,13,1.2264150943396226e-07,0.012157941237092018
13,13,-44.38597106933594,10.972676277160645,0.03,-44.418212890625,-0.005463624373078346,0.5,0.6900031566619873,131.468496421,0.6959,-37.36314010620117,1.550647258758545,1769713618.4979947,0.6900031566619873,-37.34219741821289,0.0063954126089811325,14,1.320754716981132e-07,0.0009317875374108553
14,14,-41.194366455078125,11.322698593139648,0.03,-41.17167663574219,-0.009553194046020508,0.5,0.6890453100204468,139.138534408,0.6919,-35.96659851074219,1.0128799676895142,1769713626.1827703,0.6890453100204468,-35.9707145690918,0.00833275355398655,15,1.4150943396226414e-07,-0.001220440841279924
15,15,-41.43196487426758,10.407830238342285,0.03,-41.46410369873047,0.0013686416205018759,0.5,0.6882308721542358,147.077504852,0.6947,-36.81391143798828,1.4664525985717773,1769713634.1087198,0.6882308721542358,-36.816856384277344,0.010113787837326527,16,1.509433962264151e-07,0.01148243062198162
16,16,-34.04986572265625,9.955571174621582,0.03,-34.02033996582031,-0.0017868992872536182,0.5,0.6897346377372742,154.895479305,0.693,-30.51742935180664,1.6271545886993408,1769713641.9292543,0.6897346377372742,-30.49200439453125,0.006973516661673784,17,1.6037735849056602e-07,0.005186617374420166
17,17,-43.89902114868164,10.822677612304688,0.03,-43.90310287475586,0.008281707763671875,0.25,0.7010601758956909,162.489369915,0.6938,-35.4063835144043,1.7523283958435059,1769713649.5559108,0.7010601758956909,-35.399471282958984,-0.015703480690717697,18,1.6981132075471695e-07,-0.007421773858368397
18,18,-44.376495361328125,11.508818626403809,0.04,-44.420467376708984,0.010603619739413261,0.25,0.7043812870979309,170.440495114,0.6973,-42.264774322509766,1.5209583044052124,1769713657.478367,0.7043812870979309,-42.22704315185547,-0.022213220596313477,19,1.792452830188679e-07,-0.011609602719545364
19,19,-44.32773971557617,11.85166072845459,0.04,-44.344146728515625,0.004493874032050371,0.5,0.6924164295196533,178.171511543,0.6925,-36.3460693359375,1.7325453758239746,1769713665.2004836,0.6924164295196533,-36.376869201660156,0.0016437586164101958,20,1.8867924528301886e-07,0.006137633230537176
20,20,-41.974586486816406,10.719833374023438,0.04,-41.913108825683594,-0.005088090896606445,0.5,0.6889159679412842,185.802490741,0.6929,-34.341033935546875,1.7796152830123901,1769713672.8338969,0.6889159679412842,-34.286895751953125,0.008606398478150368,21,1.9811320754716982e-07,0.0035183073487132788
21,21,-48.429378509521484,11.535917282104492,0.04,-48.37164306640625,-0.0036244038492441177,0.5,0.6942863464355469,193.581328069,0.6941,-33.85758972167969,0.9941011667251587,1769713680.6478944,0.6942863464355469,-33.7825927734375,-0.0022550192661583424,22,2.0754716981132074e-07,-0.005879422649741173
22,22,-44.03112030029297,12.031418800354004,0.04,-44.052528381347656,0.008201956748962402,0.5,0.6933842897415161,201.329546303,0.6949,-39.08259582519531,1.5459372997283936,1769713688.367371,0.6933842897415161,-39.07056427001953,-0.00038983882404863834,23,2.169811320754717e-07,0.007812118157744408
23,23,-42.429840087890625,11.003987312316895,0.05,-42.43641662597656,0.005918741226196289,0.0,0.6988188624382019,209.328478142,0.694,-44.93025207519531,1.6477304697036743,1769713696.3569155,0.6988188624382019,-44.9205322265625,-0.011271107010543346,24,2.2641509433962263e-07,-0.005352365784347057
24,24,-50.981422424316406,12.758056640625,0.05,-50.95428466796875,0.006495046894997358,0.5,0.6962771415710449,217.165468197,0.692,-42.453758239746094,1.4586318731307983,1769713704.1972606,0.6962771415710449,-42.45298385620117,-0.006093358621001244,25,2.3584905660377358e-07,0.0004016880411654711
25,25,-42.82334899902344,10.828916549682617,0.05,-42.82341003417969,0.00909428671002388,0.25,0.7073231935501099,224.86883688,0.6963,-34.630577087402344,1.2403628826141357,1769713711.935417,0.7073231935501099,-34.57019805908203,-0.027798820286989212,26,2.452830188679245e-07,-0.018704533576965332
26,26,-39.74079513549805,11.763092994689941,0.05,-39.746612548828125,5.817413330078125e-05,0.0,0.6976931095123291,232.795641396,0.6949,-44.54064178466797,0.9862332344055176,1769713719.8307884,0.6976931095123291,-44.512508392333984,-0.009066986851394176,27,2.5471698113207547e-07,-0.009008812718093395
27,27,-41.53525924682617,10.623148918151855,0.05,-41.50056838989258,-0.007040905766189098,0.25,0.6954766511917114,240.627494239,0.693,-39.624107360839844,1.3566405773162842,1769713727.662053,0.6954766511917114,-39.593299865722656,-0.004630280192941427,28,2.641509433962264e-07,-0.011671185493469238
28,28,-37.53001403808594,9.866623878479004,0.05,-37.4592170715332,-0.0030284938402473927,0.25,0.6914547681808472,248.317458582,0.6904,-35.51324462890625,1.1020653247833252,1769713735.3532083,0.6914547681808472,-35.499412536621094,0.0034664932172745466,29,2.735849056603773e-07,0.00043799879495054483
29,29,-38.16685104370117,10.33299446105957,0.06,-38.11351776123047,0.004029786679893732,0.25,0.6969854235649109,256.218365787,0.6908,-37.10667037963867,1.122216820716858,1769713743.2849624,0.6969854235649109,-37.101051330566406,-0.0075643123127520084,30,2.830188679245283e-07,-0.0035345256328582764
30,30,-43.684967041015625,10.717161178588867,0.06,-43.69713592529297,0.003579569049179554,0.5,0.6911090016365051,263.853524181,0.6945,-45.741912841796875,1.7481944561004639,1769713750.8883185,0.6911090016365051,-45.728759765625,0.004181527998298407,31,2.9245283018867923e-07,0.007761097513139248
31,31,-46.18488693237305,11.211461067199707,0.06,-46.13092041015625,-4.148576408624649e-06,0.5,0.6875330209732056,271.654459005,0.69,-37.50480270385742,1.358047604560852,1769713758.6839995,0.6875330209732056,-37.51536560058594,0.011381150223314762,32,3.018867924528302e-07,0.01137700118124485
32,32,-42.83747863769531,10.693682670593262,0.06,-42.80486297607422,-0.004571794997900724,0.75,0.6893734931945801,279.273536141,0.6916,-31.67851448059082,1.3775335550308228,1769713766.3037126,0.6893734931945801,-31.677026748657227,0.007653713691979647,33,3.113207547169811e-07,0.0030819179955869913
33,33,-37.836944580078125,10.393906593322754,0.06,-37.857669830322266,0.0034095526207238436,0.25,0.7088391780853271,286.947675657,0.6969,-30.335214614868164,1.3434802293777466,1769713774.014298,0.7088391780853271,-30.281356811523438,-0.030962957069277763,34,3.2075471698113204e-07,-0.02755340375006199
34,34,-42.338768005371094,11.065825462341309,0.07,-42.28456497192383,-0.0042556761763989925,0.5,0.6929084658622742,294.64847876,0.691,-39.26483917236328,1.1446272134780884,1769713781.6875122,0.6929084658622742,-39.25533676147461,0.0006066923961043358,35,3.30188679245283e-07,-0.003648984245955944
35,35,-40.22178649902344,10.949545860290527,0.07,-40.14518737792969,0.0014805797254666686,0.75,0.6961685419082642,302.47647878,0.6892,-28.98474884033203,1.8391674757003784,1769713789.5116174,0.6961685419082642,-28.988887786865234,-0.005913377273827791,36,3.396226415094339e-07,-0.004432797431945801
36,36,-45.927101135253906,10.943370819091797,0.07,-45.80280303955078,-0.004080378916114569,0.25,0.7009792327880859,310.108514052,0.6901,-40.12333679199219,1.3672528266906738,1769713797.1437354,0.7009792327880859,-40.06165313720703,-0.015560043975710869,37,3.4905660377358486e-07,-0.019640423357486725
37,37,-47.21226119995117,10.980113983154297,0.07,-47.147499084472656,-0.007672404870390892,0.25,0.6884333491325378,318.155476022,0.6883,-40.260589599609375,1.4359049797058105,1769713805.1895409,0.6884333491325378,-40.29631423950195,0.0096915727481246,38,3.584905660377358e-07,0.002019166946411133
38,38,-47.53079605102539,12.037068367004395,0.07,-47.48936462402344,-0.0054131983779370785,0.25,0.6970705389976501,326.103501396,0.6968,-39.39719772338867,1.5708364248275757,1769713813.1404605,0.6970705389976501,-39.28446960449219,-0.00778966024518013,39,3.6792452830188677e-07,-0.013202858157455921
39,39,-43.894798278808594,11.144196510314941,0.08,-43.81841278076172,0.007825958542525768,0.5,0.6937001943588257,333.901498932,0.69,-47.89290237426758,1.7244750261306763,1769713820.9370792,0.6937001943588257,-47.88072967529297,-0.0009896457195281982,40,3.773584905660377e-07,0.00683631282299757
40,40,-43.533935546875,10.86394214630127,0.08,-43.45169448852539,0.00277616991661489,0.25,0.6953486800193787,341.758440977,0.6892,-40.829750061035156,1.4289588928222656,1769713828.7991097,0.6953486800193787,-40.828460693359375,-0.004156756214797497,41,3.867924528301887e-07,-0.0013805869966745377
41,41,-35.22247314453125,10.839741706848145,0.08,-35.215328216552734,0.010286927223205566,0.25,0.6989232897758484,349.610497286,0.6949,-38.03608322143555,1.112203598022461,1769713836.6770272,0.6989232897758484,-37.99504470825195,-0.011355234310030937,42,3.9622641509433963e-07,-0.0010683061555027962
42,42,-43.160011291503906,11.00829792022705,0.08,-43.045413970947266,-0.026484990492463112,0.75,0.6800379753112793,357.327281546,0.6909,-38.94986343383789,1.6881422996520996,1769713844.3938606,0.6800379753112793,-38.88189697265625,0.02657426707446575,43,4.056603773584906e-07,8.927565068006516e-05
43,43,-43.68571090698242,11.981221199035645,0.08,-43.559688568115234,-0.016199778765439987,0.75,0.6877626776695251,365.10851279,0.6921,-32.41224670410156,1.1535667181015015,1769713852.1378562,0.6877626776695251,-32.308197021484375,0.010925959795713425,44,4.150943396226415e-07,-0.0052738189697265625
44,44,-52.81707000732422,12.239457130432129,0.09,-52.719051361083984,-0.015266203321516514,0.5,0.6854929327964783,372.95963655,0.6883,-33.32350540161133,1.4327411651611328,1769713859.9953227,0.6854929327964783,-33.3245735168457,0.015592716634273529,45,4.2452830188679244e-07,0.00032651424407958984
45,45,-43.746063232421875,10.900920867919922,0.09,-43.518760681152344,-0.01764017343521118,0.5,0.6900202035903931,380.605476609,0.6875,-33.6748046875,1.8179107904434204,1769713867.640217,0.6900202035903931,-33.563453674316406,0.006384194362908602,46,4.339622641509434e-07,-0.011255979537963867
46,46,-40.942100524902344,11.854416847229004,0.09,-40.82182693481445,0.003936195746064186,0.0,0.7060670852661133,388.390922653,0.6959,-38.37993240356445,1.0614111423492432,1769713875.4575322,0.7060670852661133,-38.20553970336914,-0.025589026510715485,47,4.4339622641509435e-07,-0.0216528307646513
47,47,-41.39151382446289,10.972136497497559,0.09,-41.1473274230957,-0.02043607272207737,0.25,0.6975401043891907,396.292545918,0.6893,-38.47190856933594,1.7231874465942383,1769713883.3281503,0.6975401043891907,-38.30685806274414,-0.008525393903255463,48,4.5283018867924526e-07,-0.02896146848797798
48,48,-51.1910514831543,12.043578147888184,0.09,-50.95216751098633,-0.01616520993411541,0.5,0.6914564371109009,404.065456286,0.6932,-46.665977478027344,1.6237648725509644,1769713891.0984752,0.6914564371109009,-46.42809295654297,0.0036998274736106396,49,4.622641509433962e-07,-0.012465381994843483
49,49,-41.479957580566406,10.198888778686523,0.09,-41.270263671875,-0.02985152043402195,0.75,0.6889841556549072,411.928470051,0.6913,-38.02436065673828,1.5780948400497437,1769713898.9602602,0.6889841556549072,-37.85447692871094,0.00849536620080471,50,4.7169811320754717e-07,-0.02135615423321724
50,50,-57.0476188659668,12.361741065979004,0.1,-56.726966857910156,-0.016082143411040306,0.5,0.6948707103729248,419.87261758,0.6932,-45.626502990722656,1.7168534994125366,1769713906.9392476,0.6948707103729248,-45.30726623535156,-0.003304028883576393,51,4.811320754716981e-07,-0.01938617415726185
51,51,-39.280452728271484,11.203803062438965,0.1,-39.00969696044922,-0.018404103815555573,0.5,0.6958730220794678,427.672480181,0.6923,-40.32765197753906,1.110062837600708,1769713914.7040446,0.6958730220794678,-40.07489776611328,-0.005256999284029007,52,4.90566037735849e-07,-0.02366110123693943
52,52,-42.56217956542969,10.871581077575684,0.1,-42.31595993041992,-0.00197905907407403,0.25,0.6986231207847595,435.588459635,0.6901,-37.51880645751953,1.4108189344406128,1769713922.624297,0.6986231207847595,-37.33656692504883,-0.010782533325254917,53,5e-07,-0.012761592864990234
53,53,-44.306732177734375,10.981244087219238,0.1,-43.94621276855469,-0.03435337543487549,0.25,0.6974375247955322,443.205474152,0.69,-36.754859924316406,1.3601142168045044,1769713930.2350943,0.6974375247955322,-36.462188720703125,-0.008476711809635162,54,4.989495798319327e-07,-0.04283008724451065
54,54,-40.282562255859375,11.221723556518555,0.1,-39.95262908935547,-0.030638599768280983,0.5,0.6909706592559814,451.022014145,0.6916,-33.129337310791016,1.1515344381332397,1769713938.0886197,0.6909706592559814,-32.833038330078125,0.004425835330039263,55,4.978991596638655e-07,-0.02621276304125786
55,55,-41.600730895996094,10.437429428100586,0.11,-41.208702087402344,-0.05100250244140625,0.75,0.689349353313446,458.871452385,0.6883,-37.42353057861328,1.3698910474777222,1769713945.907254,0.689349353313446,-37.13209533691406,0.007678912952542305,56,4.968487394957983e-07,-0.043323591351509094
56,56,-37.47532653808594,11.59278678894043,0.11,-37.16782760620117,-0.011443139053881168,0.25,0.7034518718719482,466.421445113,0.6983,-38.521461486816406,0.8073458075523376,1769713953.4590883,0.7034518718719482,-38.115013122558594,-0.020323896780610085,57,4.95798319327731e-07,-0.03176703676581383
57,57,-44.32073974609375,10.960986137390137,0.11,-43.84371566772461,-0.03209509700536728,0.25,0.6976149082183838,474.117505877,0.6882,-41.583518981933594,1.3898475170135498,1769713961.1504846,0.6976149082183838,-41.20998764038086,-0.008800506591796875,58,4.947478991596638e-07,-0.040895603597164154
58,58,-47.90873718261719,10.461405754089355,0.11,-47.51850128173828,-0.02488703653216362,0.75,0.6924984455108643,482.005721958,0.6904,-36.120765686035156,1.2374409437179565,1769713969.0723252,0.6924984455108643,-35.789283752441406,0.001878330484032631,59,4.936974789915967e-07,-0.02300870418548584
59,59,-42.703468322753906,10.761672019958496,0.11,-42.33525848388672,-0.07095499336719513,0.5,0.6918917298316956,489.839472096,0.6909,-40.44891357421875,1.6978614330291748,1769713976.8714888,0.6918917298316956,-40.1278076171875,0.0026900768280029297,60,4.926470588235295e-07,-0.0682649165391922
60,60,-44.374027252197266,10.971722602844238,0.12,-43.873634338378906,-0.04046676307916641,0.5,0.7026102542877197,497.977500149,0.6938,-41.086978912353516,1.6056487560272217,1769713985.0109828,0.7026102542877197,-40.577186584472656,-0.01844838820397854,61,4.915966386554621e-07,-0.0589151494204998
61,61,-49.880428314208984,12.851923942565918,0.12,-49.335777282714844,-0.07134709507226944,1.0,0.6654759049415588,505.976470217,0.6795,-35.690635681152344,1.997076153755188,1769713993.0053174,0.6654759049415588,-35.42520523071289,0.056264184415340424,62,4.905462184873949e-07,-0.015082906931638718
62,62,-38.21207809448242,11.368996620178223,0.12,-37.754058837890625,-0.0334048755466938,0.5,0.698858916759491,513.661299429,0.6945,-36.060211181640625,1.2473657131195068,1769714000.7278833,0.698858916759491,-35.58150100708008,-0.011072443798184395,63,4.894957983193276e-07,-0.044477321207523346
63,63,-42.925960540771484,11.197669982910156,0.12,-42.487953186035156,-0.05251496285200119,1.0,0.6768279075622559,521.481957421,0.6938,-43.6947021484375,1.632872223854065,1769714008.5484726,0.6768279075622559,-43.24787521362305,0.03307897970080376,64,4.884453781512604e-07,-0.019435979425907135
64,64,-50.133087158203125,12.310501098632812,0.12,-49.36297607421875,-0.09765711426734924,1.0,0.6713270545005798,529.540476882,0.6809,-43.425018310546875,1.8299643993377686,1769714016.5777946,0.6713270545005798,-42.90745162963867,0.044188641011714935,65,4.873949579831933e-07,-0.05346846580505371
65,65,-49.21905517578125,10.585208892822266,0.12,-48.825439453125,-0.02367849461734295,0.5,0.6952935457229614,537.654482841,0.6911,-35.4843864440918,1.5634900331497192,1769714024.682983,0.6952935457229614,-35.135040283203125,-0.0037052156403660774,66,4.863445378151261e-07,-0.0273837111890316
66,66,-42.060997009277344,11.060630798339844,0.13,-41.45972442626953,-0.05665500462055206,0.75,0.689476490020752,545.484513003,0.6872,-34.959869384765625,1.5880651473999023,1769714032.5226545,0.689476490020752,-34.482635498046875,0.007561195641756058,67,4.852941176470588e-07,-0.049093808978796005
67,67,-43.80535125732422,10.65173625946045,0.13,-43.11943054199219,-0.06563857197761536,0.75,0.6706628799438477,553.631203875,0.6868,-35.2403450012207,1.570372223854065,1769714040.697781,0.6706628799438477,-34.68654251098633,0.04600262641906738,68,4.842436974789916e-07,-0.019635943695902824
68,68,-44.14128875732422,12.853946685791016,0.13,-43.599830627441406,-0.04249415546655655,0.25,0.6948989629745483,561.521482229,0.7005,-44.0418586730957,1.5989048480987549,1769714048.562258,0.6948989629745483,-43.36210632324219,-0.0030806995928287506,69,4.831932773109244e-07,-0.0455748550593853
69,69,-45.223331451416016,11.339592933654785,0.13,-44.54736328125,-0.0849839374423027,0.5,0.6642324328422546,569.338589258,0.6856,-38.85441589355469,1.2301743030548096,1769714056.3704286,0.6642324328422546,-38.341880798339844,0.06027363985776901,70,4.821428571428571e-07,-0.02471029758453369
70,70,-50.58013153076172,11.77570629119873,0.13,-50.004920959472656,-0.04750485718250275,0.25,0.7019370794296265,577.018490899,0.6996,-42.876686096191406,1.2345112562179565,1769714064.0598757,0.7019370794296265,-42.1778450012207,-0.017086535692214966,71,4.810924369747899e-07,-0.06459139287471771
71,71,-47.282318115234375,12.8965425491333,0.14,-46.47620391845703,-0.06259947270154953,0.75,0.6837701797485352,584.76756978,0.6941,-41.72319412231445,1.3965706825256348,1769714071.8340738,0.6837701797485352,-40.90968322753906,0.019104421138763428,72,4.800420168067227e-07,-0.043495044112205505
72,72,-41.892601013183594,11.541253089904785,0.14,-41.13081359863281,-0.0831824392080307,0.75,0.6934828758239746,592.573150697,0.6863,-38.540138244628906,1.5989267826080322,1769714079.6397488,0.6934828758239746,-37.924110412597656,6.454065442085266e-05,73,4.789915966386554e-07,-0.08311789482831955
73,73,-48.572105407714844,11.885638236999512,0.14,-47.73374557495117,-0.04849717766046524,0.75,0.6893854141235352,600.232498769,0.6869,-40.0220947265625,1.2591317892074585,1769714087.2629795,0.6893854141235352,-39.32075500488281,0.007840337231755257,74,4.779411764705882e-07,-0.040656838566064835
74,74,-40.2807731628418,10.632718086242676,0.14,-39.458213806152344,-0.06333446502685547,0.75,0.6851900815963745,608.042490865,0.6788,-33.52226257324219,1.3485791683197021,1769714095.0836792,0.6851900815963745,-33.004417419433594,0.01892958953976631,75,4.76890756302521e-07,-0.04440487176179886
75,75,-51.61188507080078,11.523600578308105,0.14,-50.76005935668945,-0.04207422956824303,0.25,0.721650242805481,615.679455452,0.6846,-43.05316925048828,1.3861085176467896,1769714102.711577,0.721650242805481,-42.384925842285156,-0.05412106215953827,76,4.7584033613445373e-07,-0.0961952954530716
76,76,-47.532989501953125,12.593209266662598,0.15,-46.560829162597656,-0.11350526660680771,0.75,0.6759188175201416,623.498056052,0.6863,-45.29688262939453,1.9296196699142456,1769714110.564623,0.6759188175201416,-44.47528076171875,0.03673138841986656,77,4.747899159663865e-07,-0.07677388936281204
77,77,-45.794002532958984,11.726197242736816,0.15,-44.801002502441406,-0.06760258972644806,0.25,0.7058972120285034,631.32550992,0.6831,-39.77385711669922,1.8468194007873535,1769714118.3600242,0.7058972120285034,-38.992950439453125,-0.024111982434988022,78,4.737394957983193e-07,-0.09171457588672638
78,78,-43.312808990478516,11.611849784851074,0.15,-42.25830841064453,-0.09013096988201141,0.5,0.6840766668319702,638.988531153,0.6863,-40.880104064941406,1.6099365949630737,1769714126.027388,0.6840766668319702,-39.9784049987793,0.01999831013381481,79,4.726890756302521e-07,-0.07013265788555145
79,79,-56.836692810058594,13.049551010131836,0.15,-55.77508544921875,-0.1494077742099762,0.75,0.6994490623474121,647.184484118,0.6916,-48.044273376464844,1.875133752822876,1769714134.2180564,0.6994490623474121,-47.03426742553711,-0.008886866271495819,80,4.7163865546218485e-07,-0.15829463303089142
80,80,-42.80119323730469,10.588988304138184,0.15,-41.80626678466797,-0.06652293354272842,0.5,0.6955952048301697,655.012352256,0.6807,-34.95273208618164,1.3058401346206665,1769714142.0789235,0.6955952048301697,-34.2192268371582,-0.0038981428369879723,81,4.705882352941176e-07,-0.07042107731103897
81,81,-38.68817138671875,11.073163986206055,0.16,-37.69862365722656,-0.052244484424591064,0.25,0.7058446407318115,662.75406409,0.6892,-40.201778411865234,1.3792695999145508,1769714149.8205557,0.7058446407318115,-39.3017463684082,-0.02388101816177368,82,4.695378151260504e-07,-0.07612550258636475
82,82,-34.569602966308594,10.013428688049316,0.16,-33.74066162109375,-0.05816745385527611,0.25,0.7093919515609741,670.449456435,0.6887,-34.83019256591797,1.290916919708252,1769714157.4896998,0.7093919515609741,-34.102561950683594,-0.031559284776449203,83,4.6848739495798315e-07,-0.08972673863172531
83,83,-48.048377990722656,12.513726234436035,0.16,-46.79471969604492,-0.1152474582195282,0.25,0.7169535756111145,678.298475222,0.6792,-42.018638610839844,1.578367829322815,1769714165.3294291,0.7169535756111145,-41.060462951660156,-0.04667305201292038,84,4.6743697478991597e-07,-0.16192051768302917
84,84,-44.72816467285156,12.069737434387207,0.16,-43.99309539794922,-0.05467365309596062,0.5,0.6808563470840454,686.128537925,0.7002,-40.922019958496094,1.237215280532837,1769714173.1628344,0.6808563470840454,-40.06053924560547,0.025215961039066315,85,4.6638655462184874e-07,-0.02945769391953945
85,85,-48.182037353515625,12.012575149536133,0.16,-46.86219024658203,-0.2041621208190918,1.0,0.6387926340103149,693.860211042,0.6728,-38.096527099609375,1.6073471307754517,1769714180.9267712,0.6387926340103149,-37.20831298828125,0.1141427755355835,86,4.653361344537815e-07,-0.0900193452835083
86,86,-51.49036407470703,12.677966117858887,0.16,-50.225013732910156,-0.10464277863502502,0.5,0.7090755701065063,701.636472335,0.69,-44.707027435302734,1.498133897781372,1769714188.6778035,0.7090755701065063,-43.530128479003906,-0.02611255645751953,87,4.6428571428571427e-07,-0.13075532019138336
87,87,-37.80008316040039,10.359784126281738,0.17,-36.751380920410156,-0.16930270195007324,0.5,0.6638720631599426,709.446520096,0.6918,-32.846858978271484,1.432698130607605,1769714196.476091,0.6638720631599426,-31.842552185058594,0.06263424456119537,88,4.6323529411764704e-07,-0.10666846483945847
88,88,-56.593536376953125,12.822330474853516,0.17,-55.09775161743164,-0.16120672225952148,0.25,0.6997218132019043,717.834489954,0.6798,-42.46192932128906,1.609765648841858,1769714204.8734727,0.6997218132019043,-41.25694274902344,-0.011478137224912643,89,4.6218487394957986e-07,-0.17268486320972443
89,89,-42.173316955566406,11.505316734313965,0.17,-41.17719650268555,-0.10831985622644424,0.5,0.7197418212890625,725.67997231,0.7013,-39.11302947998047,1.3657363653182983,1769714212.7464998,0.7197418212890625,-37.98756408691406,-0.049824196845293045,90,4.6113445378151263e-07,-0.1581440567970276
90,90,-43.328269958496094,11.298497200012207,0.17,-42.15409851074219,-0.029881644994020462,0.25,0.7078784704208374,733.491656978,0.692,-38.76678466796875,1.0718222856521606,1769714220.5581627,0.7078784704208374,-37.64337158203125,-0.02899976074695587,91,4.6008403361344534e-07,-0.058881405740976334
91,91,-43.1227912902832,12.1417236328125,0.17,-41.840084075927734,-0.08955781906843185,0.5,0.7010498046875,741.696519327,0.687,-39.712608337402344,1.5442688465118408,1769714228.724974,0.7010498046875,-38.58287048339844,-0.012888142839074135,92,4.590336134453781e-07,-0.10244596004486084
92,92,-56.275238037109375,13.585114479064941,0.18,-54.49008560180664,-0.20192959904670715,1.0,0.6436664462089539,749.633497666,0.6661,-47.10411071777344,1.5258398056030273,1769714236.6673183,0.6436664462089539,-45.89155578613281,0.10297111421823502,93,4.579831932773109e-07,-0.09895848482847214
93,93,-46.550262451171875,11.797310829162598,0.18,-45.084564208984375,-0.12385586649179459,0.25,0.7037703394889832,757.52447853,0.6786,-41.86235809326172,1.579033613204956,1769714244.5557988,0.7037703394889832,-40.7098503112793,-0.020933231338858604,94,4.5693277310924364e-07,-0.14478909969329834
94,94,-46.275665283203125,11.659896850585938,0.18,-44.94144058227539,-0.10959689319133759,0.75,0.6849042177200317,765.269192839,0.6803,-33.68621826171875,1.6190838813781738,1769714252.3357732,0.6849042177200317,-32.633338928222656,0.01800009235739708,95,4.5588235294117646e-07,-0.0915968045592308
95,95,-45.84180450439453,12.683457374572754,0.18,-44.417091369628906,-0.20451107621192932,0.5,0.695034384727478,773.35550781,0.6958,-48.41374969482422,1.8102478981018066,1769714260.3856695,0.695034384727478,-46.96141815185547,-0.0031834598630666733,96,4.5483193277310923e-07,-0.20769453048706055
96,96,-36.86293029785156,11.33655071258545,0.18,-35.72377395629883,-0.11506175994873047,0.75,0.6840595006942749,781.268518059,0.6977,-35.442115783691406,1.4399347305297852,1769714268.3102822,0.6840595006942749,-34.23728942871094,0.01958073489367962,97,4.53781512605042e-07,-0.0954810306429863
97,97,-53.11151885986328,12.623114585876465,0.19,-51.642066955566406,-0.14681053161621094,0.5,0.6823160648345947,789.058467659,0.6838,-38.23428726196289,1.3796734809875488,1769714276.088909,0.6823160648345947,-36.992431640625,0.0259738489985466,98,4.5273109243697476e-07,-0.12083669006824493
98,98,-48.743492126464844,12.682924270629883,0.19,-47.056732177734375,-0.177901029586792,0.75,0.6653314232826233,796.693340864,0.6925,-46.232177734375,1.3399806022644043,1769714283.7599454,0.6653314232826233,-44.583377838134766,0.05917751416563988,99,4.5168067226890753e-07,-0.11872352659702301
99,99,-42.53694534301758,11.048164367675781,0.19,-40.92105484008789,-0.2868150472640991,1.0,0.6029242277145386,804.666506387,0.6814,-35.72114562988281,1.204030156135559,1769714291.6960852,0.6029242277145386,-34.385581970214844,0.1932552456855774,100,4.506302521008403e-07,-0.09355978667736053
100,100,-48.61717987060547,12.214383125305176,0.19,-46.844078063964844,-0.18072280287742615,0.75,0.6810442209243774,812.361498224,0.6845,-47.21855545043945,1.8332312107086182,1769714299.3988042,0.6810442209243774,-45.651702880859375,0.025681637227535248,101,4.495798319327731e-07,-0.1550411581993103
101,101,-50.43327331542969,11.19987964630127,0.19,-48.90972900390625,-0.221455380320549,0.75,0.6565110683441162,820.086479443,0.6712,-35.19655990600586,1.8834013938903809,1769714307.121208,0.6565110683441162,-34.1495361328125,0.07675367593765259,102,4.485294117647059e-07,-0.14470170438289642
102,102,-47.24894332885742,12.103605270385742,0.19,-45.37539291381836,-0.2440984696149826,0.75,0.6575438380241394,827.948435737,0.6802,-45.30695343017578,1.846156358718872,1769714314.9891326,0.6575438380241394,-43.72874069213867,0.07560490816831589,103,4.4747899159663865e-07,-0.16849356889724731
103,103,-44.42449951171875,11.91142749786377,0.2,-42.849815368652344,-0.16536541283130646,0.75,0.6878876686096191,835.883623905,0.6767,-37.610015869140625,1.6146193742752075,1769714322.9501736,0.6878876686096191,-36.38821029663086,0.011404260993003845,104,4.464285714285714e-07,-0.1539611518383026
104,104,-45.687591552734375,11.954565048217773,0.2,-43.76463317871094,-0.15071409940719604,0.5,0.698387622833252,843.798448772,0.6777,-38.73529052734375,0.9867789149284363,1769714330.8389444,0.698387622833252,-37.168609619140625,-0.00981444213539362,105,4.453781512605042e-07,-0.1605285406112671
105,105,-46.75244140625,12.055386543273926,0.2,-44.87808609008789,-0.18491512537002563,0.25,0.6851442456245422,851.743456825,0.682,-43.05807113647461,1.6828404664993286,1769714338.7779038,0.6851442456245422,-41.441524505615234,0.01877894066274166,106,4.4432773109243695e-07,-0.16613617539405823
106,106,-41.27520751953125,12.239264488220215,0.2,-39.68635940551758,-0.18508192896842957,0.75,0.6380412578582764,859.568469985,0.6727,-31.4490966796875,1.0221272706985474,1769714346.608374,0.6380412578582764,-30.298200607299805,0.11562587320804596,107,4.432773109243697e-07,-0.0694560706615448
107,107,-48.252899169921875,12.397085189819336,0.2,-46.2593994140625,-0.12389402091503143,0.0,0.7469024658203125,867.419590616,0.6854,-40.7482795715332,1.6894328594207764,1769714354.4861624,0.7469024658203125,-38.96656799316406,-0.10378995537757874,108,4.422268907563025e-07,-0.22768397629261017
108,108,-47.347259521484375,12.185006141662598,0.21,-45.4687614440918,-0.15036648511886597,0.25,0.75108402967453,875.289185424,0.6941,-42.24653625488281,1.8665851354599,1769714362.355804,0.75108402967453,-40.43058776855469,-0.11004071682691574,109,4.4117647058823526e-07,-0.2604072093963623
109,109,-43.35955047607422,11.675230026245117,0.21,-41.493289947509766,-0.1550021469593048,0.5,0.6857500076293945,883.032464313,0.6728,-35.770755767822266,1.3294165134429932,1769714370.0659661,0.6857500076293945,-34.35215377807617,0.015279602259397507,110,4.40126050420168e-07,-0.139722540974617
110,110,-51.387054443359375,11.571822166442871,0.21,-49.09803009033203,-0.1900140941143036,0.75,0.6625875234603882,890.858596588,0.6715,-40.765869140625,1.5679869651794434,1769714377.8992813,0.6625875234603882,-39.00128173828125,0.06917548179626465,111,4.390756302521008e-07,-0.12083859741687775
111,111,-43.025421142578125,12.847929000854492,0.21,-41.00349426269531,-0.15746235847473145,0.25,0.7101383209228516,898.579403339,0.6876,-45.253501892089844,1.6358256340026855,1769714385.6176605,0.7101383209228516,-43.39552307128906,-0.03306460753083229,112,4.380252100840336e-07,-0.19052696228027344
112,112,-45.936683654785156,11.531020164489746,0.21,-44.01679229736328,-0.1054716557264328,0.5,0.687061071395874,906.484831176,0.6862,-39.6810417175293,1.2298823595046997,1769714393.5514424,0.687061071395874,-37.958797454833984,0.013662431389093399,113,4.369747899159664e-07,-0.0918092280626297
113,113,-44.64886474609375,12.147744178771973,0.22,-42.75532531738281,-0.10637085884809494,0.25,0.6941452026367188,914.211470605,0.6702,-35.23857879638672,1.3142180442810059,1769714401.2405095,0.6941452026367188,-33.86078643798828,-0.00021841097623109818,114,4.3592436974789914e-07,-0.10658927261829376
114,114,-41.76173400878906,11.812464714050293,0.22,-39.837100982666016,-0.17948874831199646,0.5,0.6772583723068237,921.969429185,0.679,-37.042724609375,1.6537727117538452,1769714409.0052173,0.6772583723068237,-35.44707489013672,0.03474386781454086,115,4.348739495798319e-07,-0.1447448879480362
115,115,-42.531761169433594,11.164719581604004,0.22,-40.69853210449219,-0.13767388463020325,0.75,0.6611061692237854,929.874468258,0.6723,-36.863853454589844,1.2849128246307373,1769714416.9089732,0.6611061692237854,-35.47833251953125,0.06739721447229385,116,4.338235294117647e-07,-0.0702766627073288
116,116,-42.78887176513672,11.931833267211914,0.22,-40.51097106933594,-0.11256897449493408,0.5,0.7139202952384949,937.639306039,0.673,-41.45520782470703,1.3646398782730103,1769714424.7058568,0.7139202952384949,-39.627479553222656,-0.03775879740715027,117,4.327731092436975e-07,-0.15032777190208435
117,117,-40.147769927978516,11.948956489562988,0.22,-38.19049072265625,-0.07428796589374542,0.25,0.738503098487854,945.677477019,0.6889,-47.24370574951172,1.451488971710205,1769714432.7128272,0.738503098487854,-45.44935989379883,-0.08326496928930283,118,4.3172268907563027e-07,-0.15755292773246765
118,118,-53.20138931274414,11.927624702453613,0.22,-51.04671859741211,-0.06044502183794975,0.0,0.764557957649231,953.280521337,0.6687,-39.224395751953125,1.4301091432571411,1769714440.3180223,0.764557957649231,-37.624794006347656,-0.1355677843093872,119,4.3067226890756303e-07,-0.19601279497146606
119,119,-50.29707336425781,12.605183601379395,0.23,-47.83539581298828,-0.15672951936721802,0.5,0.7118229269981384,961.045539669,0.6856,-45.965179443359375,1.5455007553100586,1769714448.075837,0.7118229269981384,-43.742835998535156,-0.0305350162088871,120,4.2962184873949575e-07,-0.18726453185081482
120,120,-42.07905578613281,12.173117637634277,0.23,-39.589752197265625,-0.2773723900318146,0.25,0.7060281038284302,968.781116439,0.6587,-43.61287307739258,1.8213123083114624,1769714455.8477159,0.7060281038284302,-41.921791076660156,-0.02153669483959675,121,4.285714285714285e-07,-0.298909068107605
121,121,-52.24997329711914,12.63144302368164,0.23,-49.553932189941406,-0.28046852350234985,1.0,0.6380667686462402,976.465462887,0.667,-44.42035675048828,1.3711048364639282,1769714463.495364,0.6380667686462402,-42.3489990234375,0.11651726067066193,122,4.275210084033613e-07,-0.16395127773284912
122,122,-43.01616668701172,12.113028526306152,0.23,-40.80936050415039,-0.2103007733821869,0.5,0.7066127061843872,984.199445912,0.6884,-37.281429290771484,1.373698115348816,1769714471.2419803,0.7066127061843872,-35.23762512207031,-0.02415834181010723,123,4.264705882352941e-07,-0.23445913195610046
123,123,-33.62511444091797,11.066822052001953,0.23,-31.62598991394043,-0.32319360971450806,0.75,0.6409504413604736,991.745448706,0.6932,-34.52281188964844,1.4013322591781616,1769714478.781228,0.6409504413604736,-32.5810546875,0.11150985956192017,124,4.2542016806722687e-07,-0.2116837501525879
124,124,-49.81904220581055,12.476542472839355,0.24,-47.24275207519531,-0.2249426543712616,0.75,0.6706722974777222,999.588695319,0.6834,-43.16128921508789,1.6072237491607666,1769714486.6552954,0.6706722974777222,-40.86170959472656,0.04958501085639,125,4.2436974789915964e-07,-0.1753576546907425
125,125,-53.42250061035156,13.921897888183594,0.24,-50.77122497558594,-0.17859764397144318,0.25,0.6626267433166504,1007.110443478,0.6918,-44.47574234008789,1.1749683618545532,1769714494.1397767,0.6626267433166504,-41.93873977661133,0.07009558379650116,126,4.233193277310924e-07,-0.10850205272436142
126,126,-49.56849670410156,11.92277717590332,0.24,-47.11716079711914,-0.23005172610282898,0.5,0.6845612525939941,1014.829430357,0.6679,-38.82460403442383,1.5369592905044556,1769714501.8672063,0.6845612525939941,-36.933502197265625,0.019155971705913544,127,4.2226890756302517e-07,-0.21089576184749603
127,127,-49.95032501220703,12.380989074707031,0.24,-47.293087005615234,-0.3982678949832916,1.0,0.6117244958877563,1022.564458256,0.6623,-41.172393798828125,1.6566880941390991,1769714509.601052,0.6117244958877563,-39.177467346191406,0.17139652371406555,128,4.21218487394958e-07,-0.22687137126922607
128,128,-52.30500411987305,11.510226249694824,0.24,-49.61564254760742,-0.3171349763870239,0.25,0.6850173473358154,1030.312684769,0.6658,-42.15472412109375,1.910433292388916,1769714517.3793015,0.6850173473358154,-40.0787353515625,0.019268080592155457,129,4.2016806722689076e-07,-0.2978668808937073
129,129,-41.55986785888672,10.744661331176758,0.25,-38.95869064331055,-0.1338214874267578,0.25,0.7309989929199219,1062.830149319,0.6708,-32.121849060058594,1.4502829313278198,1769714525.2076285,0.7309989929199219,-30.021305084228516,-0.07108950614929199,130,4.191176470588235e-07,-0.2049109935760498
130,130,-49.684024810791016,12.78124713897705,0.25,-47.02225875854492,-0.21792148053646088,0.75,0.6461483836174011,1062.83159738,0.6626,-40.41584777832031,1.5161470174789429,1769714532.9222372,0.6461483836174011,-38.4316291809082,0.10170336067676544,131,4.180672268907563e-07,-0.11621811985969543
131,131,-43.97677993774414,12.488784790039062,0.25,-41.23366165161133,-0.35554414987564087,0.75,0.6309300661087036,1062.833543899,0.6942,-44.0943489074707,1.419561743736267,1769714540.8650122,0.6309300661087036,-41.45793914794922,0.14395424723625183,132,4.1701680672268906e-07,-0.21158990263938904
132,132,-52.45368194580078,13.226825714111328,0.25,-49.482147216796875,-0.4193084239959717,1.0,0.5953723192214966,1062.834089501,0.6497,-38.33366394042969,1.4883075952529907,1769714548.6247523,0.5953723192214966,-36.32573699951172,0.20834696292877197,133,4.159663865546218e-07,-0.2109614610671997
133,133,-49.36842346191406,12.035557746887207,0.25,-46.22779083251953,-0.19834381341934204,0.75,0.6752442121505737,1069.196507388,0.6435,-36.48370361328125,1.494688630104065,1769714556.2273605,0.6752442121505737,-34.43958282470703,0.056892700493335724,134,4.1491596638655465e-07,-0.14145112037658691
134,134,-56.86121368408203,13.60848617553711,0.26,-53.48374557495117,-0.3581899404525757,0.5,0.6810188293457031,1077.331481824,0.6581,-42.36433410644531,1.5315876007080078,1769714564.3690207,0.6810188293457031,-39.81744384765625,0.04024578630924225,135,4.1386554621848736e-07,-0.31794413924217224
135,135,-43.90727233886719,12.419426918029785,0.26,-41.15715789794922,-0.4160201847553253,1.0,0.5610535144805908,1085.404575978,0.6695,-38.78653335571289,1.2185182571411133,1769714572.433257,0.5610535144805908,-36.61623001098633,0.29346856474876404,136,4.1281512605042013e-07,-0.12255160510540009
136,136,-49.625423431396484,12.012883186340332,0.26,-46.54261779785156,-0.18126818537712097,0.5,0.6911555528640747,1093.646940824,0.6551,-38.91801834106445,1.2224076986312866,1769714580.7135665,0.6911555528640747,-36.69533920288086,0.006330335512757301,137,4.117647058823529e-07,-0.17493784427642822
137,137,-47.61195373535156,11.873129844665527,0.26,-44.59400177001953,-0.1938953399658203,0.5,0.7015554308891296,1101.642484404,0.6585,-38.564300537109375,1.3068848848342896,1769714588.671358,0.7015554308891296,-36.3007926940918,-0.008493561297655106,138,4.1071428571428566e-07,-0.2023889124393463
138,138,-44.65118408203125,12.278921127319336,0.26,-41.37622833251953,-0.22827117145061493,0.25,0.7059773206710815,1109.40647426,0.6614,-42.699363708496094,1.4879024028778076,1769714596.449073,0.7059773206710815,-40.2933349609375,-0.008885279297828674,139,4.096638655462185e-07,-0.2371564507484436
139,139,-48.542884826660156,12.556501388549805,0.26,-45.49152374267578,-0.2257043719291687,0.25,0.7008862495422363,1117.416445343,0.6551,-42.21714782714844,1.407198190689087,1769714604.445919,0.7008862495422363,-40.03878402709961,-0.012755891308188438,140,4.0861344537815125e-07,-0.2384602576494217
140,140,-57.36506652832031,12.853204727172852,0.27,-53.667938232421875,-0.3448690176010132,1.0,0.623091995716095,1125.129112706,0.6398,-43.88629913330078,1.8625898361206055,1769714612.1957283,0.623091995716095,-41.40227127075195,0.14791035652160645,141,4.07563025210084e-07,-0.19695864617824554
141,141,-46.97304916381836,12.454422950744629,0.27,-43.29155731201172,-0.4608916938304901,0.75,0.5607321858406067,1132.821025698,0.6379,-43.44078063964844,1.4194201231002808,1769714619.8875718,0.5607321858406067,-41.12322998046875,0.3244532346725464,142,4.065126050420168e-07,-0.13643845915794373
142,142,-43.147743225097656,12.117783546447754,0.27,-39.875328063964844,-0.4444538354873657,1.0,0.5987004041671753,1140.655474641,0.6707,-39.74339294433594,2.041126012802124,1769714627.6946845,0.5987004041671753,-37.05958557128906,0.2099466323852539,143,4.0546218487394955e-07,-0.23450720310211182
143,143,-42.888511657714844,12.183042526245117,0.27,-39.888858795166016,-0.2574593424797058,0.25,0.7206050753593445,1148.515524713,0.6865,-39.41496276855469,1.5488437414169312,1769714635.5502517,0.7206050753593445,-36.63275146484375,-0.049612775444984436,144,4.044117647058823e-07,-0.30707213282585144
144,144,-48.20231628417969,12.757898330688477,0.27,-44.78642272949219,-0.5800702571868896,0.5,0.6761189103126526,1156.304476416,0.6941,-46.36829376220703,1.6348289251327515,1769714643.338903,0.6761189103126526,-43.05596923828125,0.06061244010925293,145,4.0336134453781514e-07,-0.5194578170776367
145,145,-50.19084167480469,12.241374015808105,0.28,-46.36527633666992,-0.3724973797798157,0.75,0.6570229530334473,1164.15415762,0.6722,-43.81891632080078,1.6374614238739014,1769714651.220717,0.6570229530334473,-40.532958984375,0.0778498649597168,146,4.023109243697479e-07,-0.2946475148200989
146,146,-41.345298767089844,11.260712623596191,0.28,-38.217872619628906,-0.5202199220657349,0.5,0.6520274877548218,1171.841529556,0.6698,-36.15782928466797,1.5599840879440308,1769714658.877625,0.6520274877548218,-33.6227912902832,0.10186171531677246,147,4.0126050420168067e-07,-0.4183582067489624
147,147,-43.83393478393555,11.905816078186035,0.28,-40.58814239501953,-0.1767343282699585,0.5,0.757103443145752,1179.608474333,0.6645,-38.085914611816406,1.8434836864471436,1769714666.6393073,0.757103443145752,-35.57554244995117,-0.09549464285373688,148,4.0021008403361344e-07,-0.2722289562225342
148,148,-52.27632141113281,14.024274826049805,0.28,-47.984371185302734,-0.2673959732055664,0.5,0.6804270148277283,1187.551471878,0.6682,-47.253074645996094,1.1102851629257202,1769714674.5845191,0.6804270148277283,-43.67351531982422,0.051719747483730316,149,3.991596638655462e-07,-0.2156762182712555
149,149,-41.49130630493164,10.478013038635254,0.28,-37.966590881347656,-0.5141913890838623,0.5,0.6710395812988281,1195.27532596,0.6676,-33.05353546142578,1.625120997428894,1769714682.341827,0.6710395812988281,-30.15960121154785,0.05416237562894821,150,3.9810924369747897e-07,-0.4600290060043335
150,150,-45.66056823730469,14.386075973510742,0.29,-42.15507507324219,-0.28370627760887146,0.75,0.6352519989013672,1203.122475613,0.71,-44.84307098388672,1.0831925868988037,1769714690.1662014,0.6352519989013672,-41.19751739501953,0.12772949039936066,151,3.9705882352941174e-07,-0.155976802110672
151,151,-40.09025955200195,11.860357284545898,0.29,-36.6097412109375,-0.33468908071517944,0.75,0.6431461572647095,1211.046485522,0.6647,-34.180389404296875,1.7100104093551636,1769714698.076458,0.6431461572647095,-31.43427276611328,0.10539216548204422,152,3.960084033613445e-07,-0.22929693758487701
152,152,-47.1951789855957,12.543022155761719,0.29,-43.07007598876953,-0.37074780464172363,0.5,0.6586437225341797,1218.729493005,0.6668,-40.71480178833008,1.9025498628616333,1769714705.7592368,0.6586437225341797,-37.32653045654297,0.0793159157037735,153,3.949579831932773e-07,-0.29143190383911133
153,153,-40.69770050048828,12.40297794342041,0.29,-37.79558181762695,-0.27909862995147705,0.75,0.6873713135719299,1226.606043601,0.7076,-37.846012115478516,1.5892914533615112,1769714713.6725962,0.6873713135719299,-34.829105377197266,0.012604597955942154,154,3.9390756302521004e-07,-0.2664940357208252
154,154,-45.07121276855469,12.367260932922363,0.29,-41.85804748535156,-0.31964829564094543,0.5,0.6714080572128296,1234.324482081,0.7147,-39.78789520263672,0.9272569417953491,1769714721.3580828,0.6714080572128296,-36.24673843383789,0.05905374884605408,155,3.928571428571428e-07,-0.26059454679489136
155,155,-41.89826202392578,10.838119506835938,0.29,-38.06852722167969,-0.32543814182281494,1.0,0.6406775712966919,1242.132493432,0.6263,-31.96744155883789,1.4223726987838745,1769714729.1711855,0.6406775712966919,-29.701101303100586,0.11202394962310791,156,3.9180672268907563e-07,-0.21341417729854584
156,156,-50.47846221923828,13.702630996704102,0.3,-46.395301818847656,-0.46478599309921265,1.0,0.6319171190261841,1250.033498295,0.6897,-47.172420501708984,1.2170565128326416,1769714737.0643432,0.6319171190261841,-43.32787322998047,0.13099542260169983,157,3.907563025210084e-07,-0.3337905704975128
157,157,-44.500919342041016,10.847844123840332,0.3,-40.804935455322266,-0.4490286409854889,0.75,0.6023551225662231,1258.038507766,0.6704,-36.7938117980957,1.0874590873718262,1769714745.1050448,0.6023551225662231,-33.71241760253906,0.20645669102668762,158,3.8970588235294116e-07,-0.24257197976112366
158,158,-53.31037139892578,12.157722473144531,0.3,-48.91197967529297,-0.66121506690979,1.0,0.5469648838043213,1265.94656315,0.6295,-38.363006591796875,2.1188175678253174,1769714752.9839196,0.5469648838043213,-35.54145812988281,0.3311689496040344,159,3.8865546218487393e-07,-0.3300460875034332
159,159,-46.819889068603516,12.715655326843262,0.3,-42.83277130126953,-0.4333817660808563,0.75,0.6192615032196045,1273.654495705,0.6833,-40.62561798095703,1.6436065435409546,1769714760.686885,0.6192615032196045,-37.04534149169922,0.16382025182247162,160,3.876050420168067e-07,-0.2695615291595459
160,160,-50.33989715576172,13.401573181152344,0.3,-45.99401092529297,-0.4315161108970642,1.0,0.5967104434967041,1281.322498564,0.6542,-43.037654876708984,1.7543315887451172,1769714768.3546374,0.5967104434967041,-39.702484130859375,0.20971518754959106,161,3.865546218487395e-07,-0.22180095314979553
161,161,-51.400733947753906,12.893338203430176,0.31,-46.870033264160156,-0.6298368573188782,1.0,0.6119725108146667,1288.788089178,0.6763,-45.20954895019531,1.6544135808944702,1769714775.8546586,0.6119725108146667,-41.28062438964844,0.17041517794132233,162,3.855042016806723e-07,-0.45942166447639465
162,162,-47.66046905517578,14.143918991088867,0.31,-43.417877197265625,-0.3763410747051239,0.75,0.6445493698120117,1296.717585409,0.673,-48.79694366455078,1.3743011951446533,1769714783.7516952,0.6445493698120117,-45.14799118041992,0.10557597875595093,163,3.8445378151260505e-07,-0.27076512575149536
163,163,-51.91532897949219,13.19448471069336,0.31,-47.723411560058594,-0.4999481439590454,0.75,0.6298778057098389,1304.289478544,0.7038,-46.9207878112793,1.864059567451477,1769714791.3188927,0.6298778057098389,-42.62743377685547,0.13750725984573364,164,3.834033613445378e-07,-0.36244088411331177
164,164,-45.609901428222656,12.855818748474121,0.31,-41.461143493652344,-0.21625657379627228,0.25,0.8310415744781494,1312.025473662,0.6835,-45.09391784667969,1.801558494567871,1769714799.0575497,0.8310415744781494,-41.3446159362793,-0.25144022703170776,165,3.8235294117647053e-07,-0.46769678592681885
165,165,-53.61020278930664,13.090292930603027,0.31,-49.36527633666992,-0.39612436294555664,0.75,0.6398073434829712,1319.872578762,0.6622,-39.28633117675781,1.3694032430648804,1769714806.9391148,0.6398073434829712,-35.85215759277344,0.11660537123680115,166,3.813025210084033e-07,-0.2795189619064331
166,166,-41.62448501586914,12.317917823791504,0.32,-37.747711181640625,-0.4274120628833771,1.0,0.6024287939071655,1327.67752432,0.6743,-40.17383575439453,1.3640015125274658,1769714814.7196352,0.6024287939071655,-36.77911376953125,0.19479084014892578,167,3.802521008403361e-07,-0.2326212078332901
167,167,-46.06483459472656,13.710753440856934,0.32,-41.901756286621094,-0.38663846254348755,0.25,0.6993305683135986,1335.36948853,0.6695,-40.725868225097656,1.4596655368804932,1769714822.397884,0.6993305683135986,-37.21786117553711,-0.009833298623561859,168,3.792016806722689e-07,-0.3964717388153076
168,168,-50.10945129394531,13.623579978942871,0.32,-45.731529235839844,-0.2461843490600586,0.5,0.7374025583267212,1343.156478798,0.7026,-48.33181381225586,1.2974216938018799,1769714830.184904,0.7374025583267212,-43.920814514160156,-0.08194367587566376,169,3.7815126050420166e-07,-0.32812801003456116
169,169,-49.49386978149414,13.273368835449219,0.32,-45.17108917236328,-0.3411726951599121,0.5,0.6858164072036743,1350.94907161,0.6584,-36.64155960083008,1.5262442827224731,1769714838.0156534,0.6858164072036743,-33.21116256713867,0.016317471861839294,170,3.771008403361344e-07,-0.324855238199234
170,170,-48.73676681518555,14.015175819396973,0.32,-44.1113395690918,-0.5610966682434082,0.75,0.594433069229126,1358.636469865,0.694,-50.36023712158203,1.882269263267517,1769714845.6708117,0.594433069229126,-45.89134216308594,0.22756145894527435,171,3.760504201680672e-07,-0.33353519439697266
171,171,-55.24781799316406,14.759089469909668,0.33,-50.9747200012207,-0.22329367697238922,0.25,0.7268019318580627,1366.477493765,0.6794,-50.24665069580078,1.4401178359985352,1769714853.5051377,0.7268019318580627,-46.37923812866211,-0.06285852938890457,172,3.75e-07,-0.2861522138118744
172,172,-45.351322174072266,12.393732070922852,0.33,-41.456748962402344,-0.32612112164497375,0.5,0.6621146202087402,1374.037491993,0.654,-40.86524200439453,1.258866786956787,1769714861.0665016,0.6621146202087402,-37.971458435058594,0.07804945111274719,173,3.739495798319328e-07,-0.24807167053222656
173,173,-45.34975814819336,15.427898406982422,0.33,-41.59553909301758,-0.24116197228431702,0.0,0.8823397159576416,1382.252479617,0.7062,-51.288116455078125,2.0144646167755127,1769714869.3190231,0.8823397159576416,-47.506160736083984,-0.32192304730415344,174,3.7289915966386554e-07,-0.5630850791931152
174,174,-43.63427734375,12.485779762268066,0.33,-40.606834411621094,-0.4204676151275635,0.5,0.6970533728599548,1390.174553951,0.6995,-38.81018829345703,1.6891647577285767,1769714877.2188175,0.6970533728599548,-35.83003234863281,9.007379412651062e-05,175,3.718487394957983e-07,-0.42037755250930786
175,175,-49.32069778442383,12.912557601928711,0.33,-44.67831802368164,-0.4545666575431824,0.5,0.6639023423194885,1397.908474076,0.6765,-43.30101776123047,1.5800045728683472,1769714884.9429996,0.6639023423194885,-39.33106231689453,0.07659003883600235,176,3.707983193277311e-07,-0.377976655960083
176,176,-49.34112548828125,11.907997131347656,0.33,-44.91419982910156,-0.642737627029419,1.0,0.5227254033088684,1405.594467049,0.6591,-38.3862419128418,1.1531866788864136,1769714892.633397,0.5227254033088684,-34.784549713134766,0.38328683376312256,177,3.6974789915966385e-07,-0.259450763463974
177,177,-47.216064453125,12.447894096374512,0.34,-43.87347412109375,-0.2115536630153656,0.5,0.6921622157096863,1413.590003172,0.7013,-41.58484649658203,1.594087839126587,1769714900.6565647,0.6921622157096863,-38.26664733886719,0.013004235923290253,178,3.6869747899159667e-07,-0.19854944944381714
178,178,-57.812217712402344,14.217873573303223,0.34,-52.977149963378906,-0.43235310912132263,0.5,0.7005457878112793,1421.58835282,0.7081,-52.79862976074219,1.8620071411132812,1769714908.6549547,0.7005457878112793,-47.9411735534668,0.006962541490793228,179,3.6764705882352943e-07,-0.4253905713558197
179,179,-49.283504486083984,13.517788887023926,0.34,-45.115360260009766,-0.3016643822193146,0.25,0.8418377637863159,1429.597512412,0.6823,-55.00849914550781,2.038119077682495,1769714916.6281233,0.8418377637863159,-51.22842025756836,-0.2676604986190796,180,3.6659663865546215e-07,-0.5693248510360718
180,180,-53.48173522949219,12.337514877319336,0.34,-49.02511978149414,-0.44063201546669006,0.75,0.6180229187011719,1437.564493747,0.66,-43.559810638427734,1.356673240661621,1769714924.5985556,0.6180229187011719,-40.03059387207031,0.16479593515396118,181,3.655462184873949e-07,-0.27583611011505127
181,181,-46.64244842529297,12.340441703796387,0.34,-43.54727554321289,-0.30650803446769714,0.5,0.6278253793716431,1445.428555902,0.6442,-36.27275466918945,1.1131495237350464,1769714932.4628615,0.6278253793716431,-34.277427673339844,0.15205144882202148,182,3.644957983193277e-07,-0.15445655584335327
182,182,-47.60638427734375,11.908638000488281,0.35,-43.80400848388672,-0.46980229020118713,0.75,0.6577237248420715,1453.206289351,0.6709,-39.052734375,1.6444202661514282,1769714940.2728827,0.6577237248420715,-35.957645416259766,0.07805369049310684,183,3.6344537815126045e-07,-0.3917486071586609
183,183,-38.42536926269531,12.649369239807129,0.35,-34.93959426879883,-0.21166588366031647,0.75,0.6909589171409607,1460.905510866,0.6827,-42.75758743286133,1.41409432888031,1769714947.9359438,0.6909589171409607,-39.7690544128418,0.03449133783578873,184,3.6239495798319327e-07,-0.17717453837394714
184,184,-42.57978057861328,12.676860809326172,0.35,-38.945472717285156,-0.2610498070716858,0.5,0.6875238418579102,1468.623487247,0.7065,-39.05751037597656,1.5517237186431885,1769714955.6567485,0.6875238418579102,-35.496028900146484,0.012321274727582932,185,3.6134453781512604e-07,-0.24872851371765137
185,185,-47.44660186767578,13.533341407775879,0.35,-43.43706512451172,-0.3479735255241394,0.25,0.7074010372161865,1476.412491197,0.6952,-38.84043884277344,1.2312229871749878,1769714963.4454958,0.7074010372161865,-35.12786102294922,-0.026337333023548126,186,3.602941176470588e-07,-0.37431085109710693
186,186,-40.66035461425781,11.335399627685547,0.35,-36.94282150268555,-0.464362233877182,0.75,0.6650279760360718,1484.666817952,0.6548,-37.51935577392578,1.5548349618911743,1769714971.7333906,0.6650279760360718,-34.731048583984375,0.060249581933021545,187,3.5924369747899157e-07,-0.40411266684532166
187,187,-46.42858123779297,11.899147033691406,0.36,-42.472007751464844,-0.20046201348304749,0.5,0.6965848803520203,1492.485476013,0.6476,-33.406455993652344,1.2973860502243042,1769714979.5135841,0.6965848803520203,-30.58462905883789,-0.0034867096692323685,188,3.5819327731092434e-07,-0.2039487212896347
188,188,-51.155029296875,13.694482803344727,0.36,-47.17616271972656,-0.44672346115112305,0.25,0.7544844150543213,1500.192488161,0.6825,-50.63615798950195,1.3296451568603516,1769714987.2348557,0.7544844150543213,-47.07332992553711,-0.09809227287769318,189,3.5714285714285716e-07,-0.5448157787322998
189,189,-55.15907287597656,13.040974617004395,0.36,-50.532630920410156,-0.3817310333251953,0.75,0.6473754644393921,1507.957475606,0.6403,-49.04222869873047,1.5498627424240112,1769714994.9871914,0.6473754644393921,-45.65928649902344,0.09772367030382156,190,3.560924369747899e-07,-0.28400737047195435
190,190,-44.46121597290039,12.867500305175781,0.36,-40.102882385253906,-0.3559948801994324,0.75,0.6740044951438904,1515.592024345,0.6466,-39.60111999511719,1.2567551136016846,1769715002.658627,0.6740044951438904,-36.36011505126953,0.06512999534606934,191,3.550420168067227e-07,-0.29086488485336304
191,191,-54.62440490722656,12.779732704162598,0.36,-50.27503204345703,-0.4083561897277832,1.0,0.5692939758300781,1524.040501434,0.6238,-41.5601806640625,1.1506874561309814,1769715011.0745683,0.5692939758300781,-38.85612487792969,0.270901620388031,192,3.5399159663865546e-07,-0.1374545842409134
192,192,-55.2796630859375,13.06035041809082,0.36,-51.084075927734375,-0.37715497612953186,0.5,0.708907961845398,1531.819482056,0.6903,-45.27889633178711,1.3685482740402222,1769715018.8545835,0.708907961845398,-41.375823974609375,-0.026493411511182785,193,3.529411764705882e-07,-0.40364837646484375
193,193,-54.324501037597656,13.628602981567383,0.37,-50.30615997314453,-0.49267634749412537,0.75,0.6432242393493652,1539.596515013,0.6777,-45.410003662109375,1.6103260517120361,1769715026.6269279,0.6432242393493652,-41.8802490234375,0.12211203575134277,194,3.51890756302521e-07,-0.3705643117427826
194,194,-44.67485427856445,12.362425804138184,0.37,-40.733802795410156,-0.4280991554260254,0.75,0.6367412805557251,1547.308008094,0.632,-41.557640075683594,1.6162104606628418,1769715034.3746037,0.6367412805557251,-39.12800216674805,0.15818291902542114,195,3.5084033613445376e-07,-0.26991623640060425
195,195,-37.653175354003906,11.61092472076416,0.37,-34.466575622558594,-0.1298382580280304,0.75,0.6456212401390076,1554.96921684,0.6658,-39.37416076660156,0.9713021516799927,1769715042.0357704,0.6456212401390076,-36.842529296875,0.10219423472881317,196,3.4978991596638653e-07,-0.027644017711281776
196,196,-48.40673828125,12.668949127197266,0.37,-45.09878158569336,-0.4002017378807068,0.5,0.695470929145813,1562.834543933,0.6992,-40.90619659423828,2.0371623039245605,1769715049.8737502,0.695470929145813,-37.68450164794922,0.02329269051551819,197,3.487394957983193e-07,-0.376909077167511
197,197,-45.40355682373047,11.489876747131348,0.37,-41.453033447265625,-0.5785146355628967,0.75,0.5611661672592163,1570.707484459,0.6523,-34.31251525878906,1.4717988967895508,1769715057.7385383,0.5611661672592163,-31.381206512451172,0.3179197311401367,198,3.4768907563025206e-07,-0.2605949342250824
198,198,-47.40904998779297,11.80811882019043,0.38,-43.51959991455078,-0.4158288538455963,0.75,0.6366616487503052,1578.975424863,0.6406,-40.41802978515625,1.4206644296646118,1769715066.0151186,0.6366616487503052,-37.758079528808594,0.13852599263191223,199,3.4663865546218483e-07,-0.2773028612136841
199,199,-51.5323486328125,11.799158096313477,0.38,-47.36668014526367,-0.3847448229789734,0.5,0.6839735507965088,1586.644444084,0.6576,-41.72515869140625,1.9090303182601929,1769715073.7109983,0.6839735507965088,-38.43259048461914,0.027344565838575363,200,3.4558823529411765e-07,-0.35740020871162415
200,200,-48.75802993774414,12.558571815490723,0.38,-45.11985778808594,-0.43714457750320435,0.75,0.6646357774734497,1594.43951074,0.6407,-32.197418212890625,1.6921409368515015,1769715081.4790967,0.6646357774734497,-29.7852840423584,0.075119748711586,201,3.445378151260504e-07,-0.36202484369277954
201,201,-48.564796447753906,12.705577850341797,0.38,-44.22407150268555,-0.3712444603443146,0.5,0.6874734163284302,1602.18446756,0.6678,-39.52098083496094,1.5791420936584473,1769715089.2193656,0.6874734163284302,-35.8984260559082,0.018314318731427193,202,3.434873949579832e-07,-0.35293012857437134
202,202,-49.21758270263672,14.13391399383545,0.38,-45.098236083984375,-0.25695496797561646,0.75,0.6646896004676819,1609.949496252,0.6526,-34.39791488647461,1.741310477256775,1769715096.9871902,0.6646896004676819,-31.301000595092773,0.06104813143610954,203,3.4243697478991595e-07,-0.1959068328142166
203,203,-44.50510787963867,11.853750228881836,0.39,-41.08116912841797,-0.29335710406303406,0.75,0.6777751445770264,1617.783430327,0.6575,-35.16135787963867,1.2087639570236206,1769715104.8499842,0.6777751445770264,-32.621246337890625,0.037780359387397766,204,3.413865546218487e-07,-0.2555767595767975
204,204,-44.6549072265625,12.325066566467285,0.39,-40.814144134521484,-0.3235127329826355,0.25,0.8707658052444458,1625.491513341,0.699,-40.568275451660156,1.6188623905181885,1769715112.5286365,0.8707658052444458,-36.87800216674805,-0.31553515791893005,205,3.403361344537815e-07,-0.6390479207038879
205,205,-45.50004577636719,12.823155403137207,0.39,-41.51433563232422,-0.40833041071891785,0.5,0.6610546112060547,1633.162472166,0.6633,-44.05392837524414,2.117295980453491,1769715120.1946218,0.6610546112060547,-40.882694244384766,0.0695396140217781,206,3.392857142857143e-07,-0.33879080414772034
206,206,-52.18886947631836,12.994038581848145,0.39,-46.920265197753906,-0.574530839920044,0.75,0.6900529265403748,1640.758469863,0.6562,-46.66465377807617,1.7684502601623535,1769715127.7900648,0.6900529265403748,-42.34346008300781,0.014824926853179932,207,3.3823529411764707e-07,-0.5597058534622192
207,207,-54.22882843017578,12.520560264587402,0.39,-49.580528259277344,-0.5017210841178894,0.5,0.7555016875267029,1648.613206565,0.6616,-43.978912353515625,1.5442464351654053,1769715135.6797688,0.7555016875267029,-40.115928649902344,-0.11666959524154663,208,3.3718487394957984e-07,-0.618390679359436
208,208,-45.073909759521484,12.75601863861084,0.4,-41.17203140258789,-0.20168814063072205,0.5,0.7476159334182739,1656.443482606,0.6702,-38.134796142578125,1.1040079593658447,1769715143.4806018,0.7476159334182739,-34.92292785644531,-0.08907477557659149,209,3.361344537815126e-07,-0.29076293110847473
209,209,-56.4201545715332,13.513237953186035,0.4,-51.793296813964844,-0.4547780752182007,0.75,0.6193840503692627,1664.465467785,0.6525,-44.5733642578125,1.3799561262130737,1769715151.494743,0.6193840503692627,-41.24585723876953,0.1761682778596878,210,3.350840336134453e-07,-0.2786098122596741
210,210,-53.06413650512695,12.519490242004395,0.4,-48.298912048339844,-0.43349823355674744,1.0,0.6383219361305237,1672.201479586,0.6411,-41.51908874511719,2.030902862548828,1769715159.2314074,0.6383219361305237,-37.98382568359375,0.1159314215183258,211,3.3403361344537814e-07,-0.31756681203842163
