,train/losses/sft,train/losses/total,train/learning_rate,train/loss,train/ref_logps/rejected,train/ref_logps/chosen,train/rewards/chosen,train/rewards/margins,_step,train/grad_norm,train/logps/chosen,train/rewards/rejected,train/epoch,train/global_step,_runtime,_timestamp,train/losses/dpo,train/logps/rejected,train/rewards/accuracies
0,1.7199128866195679,0.6931471824645996,1.5625e-08,0.6931,-35.478946685791016,-38.540916442871094,0.0,0.0,0,12.437935829162598,-38.540916442871094,0.0,0.0,1,35.463605363,1735668184.09459,0.6931471824645996,-35.478946685791016,0.0
1,1.033172845840454,0.6931471824645996,3.125e-08,0.6931,-32.317081451416016,-25.204132080078125,0.0,0.0,1,11.785247802734375,-25.204132080078125,0.0,0.01,2,60.38939899,1735668209.0566893,0.6931471824645996,-32.317081451416016,0.0
2,1.5887223482131958,0.6951895952224731,4.6875e-08,0.6928,-58.662567138671875,-39.85437774658203,-0.0020212174858897924,-0.004019784275442362,2,15.707504272460938,-39.89242935180664,0.0019985674880445004,0.01,3,84.535556185,1735668233.159839,0.6951895952224731,-58.70859909057617,0.5
3,1.1117233037948608,0.6951682567596436,6.25e-08,0.6924,-42.168487548828125,-32.346656799316406,-0.005296302028000355,-0.004001641646027565,3,14.128595352172852,-32.392189025878906,-0.001294660847634077,0.01,4,109.763185928,1735668258.43045,0.6951682567596436,-42.22996520996094,0.5
4,1.9449361562728882,0.703839898109436,7.812499999999999e-08,0.6946,-49.900840759277344,-36.11848449707031,-0.019258523359894753,-0.021183371543884277,4,16.737136840820312,-36.16427230834961,0.0019248486496508121,0.02,5,133.883199981,1735668282.550487,0.703839898109436,-49.91839599609375,0.25
5,1.4275531768798828,0.694132924079895,9.375e-08,0.6924,-45.05498123168945,-34.904151916503906,-0.01179442461580038,-0.0019209389574825764,5,14.785859107971191,-34.94917297363281,-0.009873485192656517,0.02,6,158.051592349,1735668306.674901,0.694132924079895,-45.11570739746094,0.75
6,1.157867670059204,0.6935456395149231,1.09375e-07,0.69,-41.14073944091797,-39.41108703613281,-0.004570567514747381,-0.0007602574769407511,6,14.022140502929688,-39.34475326538086,-0.0038103105034679174,0.02,7,182.207556788,1735668330.8398316,0.6935456395149231,-41.13884735107422,0.5
7,1.5454281568527222,0.6941009163856506,1.25e-07,0.6919,-36.09566879272461,-40.772560119628906,-0.003558337688446045,-0.0018975138664245605,7,13.607404708862305,-40.750362396240234,-0.0016608238220214844,0.03,8,206.275555502,1735668354.9080725,0.6941009163856506,-36.10021209716797,0.5
8,2.0106897354125977,0.7033687233924866,1.40625e-07,0.6942,-46.736690521240234,-32.6046028137207,-0.0036963699385523796,-0.02010332979261875,8,14.541911125183105,-32.5703125,0.016406960785388947,0.03,9,230.467486709,1735668379.0957255,0.7033687233924866,-46.68299102783203,0.25
9,1.2117023468017578,0.690986156463623,1.5624999999999999e-07,0.6953,-46.648563385009766,-41.427635192871094,0.002886906499043107,0.004352108109742403,9,15.346906661987305,-41.48604202270508,-0.001465201610699296,0.03,10,254.771532317,1735668403.4002779,0.690986156463623,-46.664527893066406,0.5
10,1.5942683219909668,0.6953160762786865,1.71875e-07,0.6946,-44.573028564453125,-38.828067779541016,0.002276134444400668,-0.004167652688920498,10,14.433366775512695,-38.80830383300781,0.006443786900490522,0.04,11,279.609887678,1735668428.277175,0.6953160762786865,-44.525352478027344,0.25
11,1.3817576169967651,0.6956163048744202,1.875e-07,0.692,-44.78413391113281,-35.4404296875,-0.00991213321685791,-0.004884053021669388,11,14.564541816711426,-35.4298095703125,-0.005028081126511097,0.04,12,303.79949685,1735668452.4269166,0.6956163048744202,-44.79613494873047,0.5
12,1.2440699338912964,0.6900672912597656,2.03125e-07,0.6946,-34.97564697265625,-29.259862899780273,-0.0024312972091138363,0.006437969394028187,12,13.07233715057373,-29.275022506713867,-0.00886926706880331,0.04,13,327.915507502,1735668476.5414412,0.6900672912597656,-34.963775634765625,0.75
13,1.3717811107635498,0.6866958737373352,2.1875e-07,0.691,-45.10143280029297,-41.822166442871094,0.00574991712346673,0.013026190921664238,13,15.543441772460938,-41.79141616821289,-0.007276272401213646,0.04,14,352.219533155,1735668500.8532856,0.6866958737373352,-45.114044189453125,0.5
14,1.3373112678527832,0.6870694160461426,2.3437499999999998e-07,0.6964,-48.18565368652344,-40.520626068115234,0.005132007412612438,0.012267541140317917,14,15.34749698638916,-40.51783752441406,-0.007135534193366766,0.05,15,376.423499219,1735668525.0453842,0.6870694160461426,-48.11931610107422,0.5
15,1.3060224056243896,0.6884156465530396,2.5e-07,0.6847,-46.77063751220703,-42.5399284362793,0.0053754327818751335,0.009587717242538929,15,15.097326278686523,-42.43363952636719,-0.0042122844606637955,0.05,16,400.815528119,1735668549.4469304,0.6884156465530396,-46.83484649658203,0.75
16,1.3623764514923096,0.6917248964309692,2.65625e-07,0.6924,-38.82215881347656,-31.995393753051758,-0.0014008162543177605,0.0028606299310922623,16,14.697237014770508,-32.02061462402344,-0.004261446185410023,0.05,17,424.97951441,1735668573.6104336,0.6917248964309692,-38.863189697265625,0.25
17,1.767546534538269,0.688663899898529,2.8125e-07,0.6923,-53.33622741699219,-39.812164306640625,-0.002037382684648037,0.009125089272856712,17,15.50875473022461,-39.88880920410156,-0.01116247195750475,0.06,18,449.127576941,1735668597.759098,0.688663899898529,-53.43110656738281,0.5
18,1.7015169858932495,0.6992507576942444,2.9687499999999996e-07,0.6943,-48.87091064453125,-47.67058563232422,-0.0066197398118674755,-0.012154435738921165,18,15.955289840698242,-47.73500061035156,0.005534696392714977,0.06,19,473.379499447,1735668622.004072,0.6992507576942444,-48.91358947753906,0.25
19,1.7870771884918213,0.6904975175857544,3.1249999999999997e-07,0.6923,-60.65580368041992,-50.703712463378906,-0.008890390396118164,0.00537033099681139,19,16.917972564697266,-50.83162307739258,-0.014260721392929554,0.06,20,497.863543614,1735668646.4946377,0.6904975175857544,-60.80125427246094,0.75
20,1.7248187065124512,0.6903917789459229,3.28125e-07,0.688,-48.687313079833984,-40.41521453857422,-0.012429249472916126,0.005541836842894554,20,14.682126998901367,-40.47915267944336,-0.017971087247133255,0.07,21,521.987484456,1735668670.609877,0.6903917789459229,-48.85633850097656,0.75
21,1.4032572507858276,0.6930932402610779,3.4375e-07,0.6929,-39.92351531982422,-32.843685150146484,-0.009570884518325329,0.00018348637968301773,21,13.295483589172363,-32.969749450683594,-0.009754370898008347,0.07,22,546.047536019,1735668694.681631,0.6930932402610779,-40.055885314941406,0.75
22,1.190051555633545,0.691508948802948,3.59375e-07,0.6897,-49.4135627746582,-31.98118019104004,-0.012682677246630192,0.003325795289129019,22,15.098677635192871,-32.05929183959961,-0.016008473932743073,0.07,23,570.271560858,1735668718.9038277,0.691508948802948,-49.561546325683594,0.5
23,1.4495220184326172,0.6853920221328735,3.75e-07,0.6916,-48.85931396484375,-44.404502868652344,-0.02894148789346218,0.015601587481796741,23,15.81946086883545,-44.605201721191406,-0.0445430725812912,0.08,24,594.599502,1735668743.2241383,0.6853920221328735,-49.09478759765625,0.75
24,1.6242879629135132,0.6930755972862244,3.9062499999999997e-07,0.691,-35.5381965637207,-29.233417510986328,-0.017564915120601654,0.00047744251787662506,24,12.834405899047852,-29.468717575073242,-0.01804235950112343,0.08,25,618.691531135,1735668767.3137379,0.6930755972862244,-35.81867980957031,0.75
25,1.9586362838745117,0.6898669004440308,4.0625e-07,0.6914,-48.77948760986328,-41.430938720703125,-0.022361373528838158,0.0066061969846487045,25,14.584461212158203,-41.68688201904297,-0.02896757237613201,0.08,26,642.979527833,1735668791.612876,0.6898669004440308,-49.07170104980469,0.75
26,1.3044371604919434,0.6871616840362549,4.21875e-07,0.6878,-50.26864242553711,-40.620506286621094,-0.03422503545880318,0.012541009113192558,26,14.887139320373535,-40.83575439453125,-0.046766042709350586,0.09,27,667.195553931,1735668815.820264,0.6871616840362549,-50.5921630859375,0.5
27,1.7269713878631592,0.6971068382263184,4.375e-07,0.6946,-43.04536819458008,-34.423667907714844,-0.028679251670837402,-0.007737708278000355,27,13.164525032043457,-34.75840759277344,-0.020941544324159622,0.09,28,691.57948045,1735668840.211523,0.6971068382263184,-43.352149963378906,0.25
28,1.6215234994888306,0.7010069489479065,4.53125e-07,0.6946,-47.86238098144531,-43.1827392578125,-0.05472221598029137,-0.01556377299129963,28,14.928364753723145,-43.6317138671875,-0.03915844112634659,0.09,29,716.031494087,1735668864.6618316,0.7010069489479065,-48.28343200683594,0.25
29,1.3799285888671875,0.687072217464447,4.6874999999999996e-07,0.687,-51.602413177490234,-36.626197814941406,-0.02922215685248375,0.012508438900113106,29,16.758005142211914,-36.97275924682617,-0.041730597615242004,0.1,30,740.18346945,1735668888.8165023,0.687072217464447,-52.07551193237305,0.75
30,1.890913724899292,0.7084356546401978,4.84375e-07,0.7005,-42.10478210449219,-41.00689697265625,-0.08160300552845001,-0.03025965392589569,30,14.500527381896973,-41.54332733154297,-0.051343344151973724,0.1,31,764.89952261,1735668913.524973,0.7084356546401978,-42.49710464477539,0.0
31,1.2107614278793335,0.711593747138977,5e-07,0.6886,-38.18203353881836,-36.25824737548828,-0.046978309750556946,-0.03635922819375992,31,12.9197416305542,-36.61167907714844,-0.010619079694151878,0.1,32,789.098511826,1735668937.7657027,0.711593747138977,-38.632225036621094,0.0
32,1.8071004152297974,0.6840760707855225,4.982142857142857e-07,0.6877,-44.59650421142578,-43.4114990234375,-0.06624522805213928,0.018581246957182884,32,14.454524040222168,-43.90276336669922,-0.08482646942138672,0.11,33,813.383494223,1735668962.0079775,0.6840760707855225,-45.20056915283203,0.75
33,1.6038480997085571,0.6717818379402161,4.964285714285715e-07,0.6854,-45.1296501159668,-46.23847961425781,-0.030396342277526855,0.0437902957201004,33,14.827831268310547,-46.88138198852539,-0.07418663799762726,0.11,34,837.595515806,1735668986.2204201,0.6717818379402161,-45.93431091308594,0.75
34,1.3553862571716309,0.6830758452415466,4.946428571428571e-07,0.6862,-38.50482177734375,-37.32018280029297,-0.049878887832164764,0.020577386021614075,34,14.068385124206543,-37.78437042236328,-0.07045626640319824,0.11,35,861.639522122,1735669010.2718065,0.6830758452415466,-39.11187744140625,0.5
35,1.477431058883667,0.6844621300697327,4.928571428571429e-07,0.6937,-42.31880187988281,-44.42408752441406,-0.06686830520629883,0.01790604554116726,35,15.113972663879395,-45.16208267211914,-0.08477435261011124,0.12,36,885.887469277,1735669034.5111084,0.6844621300697327,-43.048919677734375,0.5
36,1.309812307357788,0.6946826577186584,4.910714285714285e-07,0.6929,-39.51824951171875,-46.32884979248047,-0.1011384055018425,-0.0019238758832216263,36,15.034103393554688,-47.09400177001953,-0.09921453148126602,0.12,37,910.211570375,1735669058.8408396,0.6946826577186584,-40.294349670410156,0.25
37,1.676020860671997,0.6940781474113464,4.892857142857142e-07,0.6991,-37.069393157958984,-40.081878662109375,-0.07109744846820831,-0.001698753796517849,37,14.092999458312988,-40.856422424316406,-0.06939869374036789,0.12,38,934.403544267,1735669083.0331705,0.6940781474113464,-37.728363037109375,0.5
38,1.9039182662963867,0.6828786730766296,4.875e-07,0.696,-47.3856086730957,-44.426612854003906,-0.05050096660852432,0.020833302289247513,38,15.885143280029297,-45.167720794677734,-0.07133427262306213,0.12,39,958.787464204,1735669107.410111,0.6828786730766296,-48.07481002807617,0.75
39,1.7318212985992432,0.7063174247741699,4.857142857142857e-07,0.7068,-44.084434509277344,-52.22135925292969,-0.08707404136657715,-0.024419212713837624,39,16.176111221313477,-53.21099853515625,-0.06265483051538467,0.13,40,983.107528156,1735669131.731944,0.7063174247741699,-44.809226989746094,0.5
40,1.3121882677078247,0.7018309831619263,4.839285714285714e-07,0.6944,-35.57514190673828,-39.41994094848633,-0.05467865616083145,-0.01707150787115097,40,13.959144592285156,-39.99462127685547,-0.03760714828968048,0.13,41,1007.151460826,1735669155.784246,0.7018309831619263,-36.1298828125,0.25
41,1.8008350133895874,0.6806839108467102,4.821428571428571e-07,0.6849,-44.136512756347656,-42.52455139160156,-0.07963891327381134,0.02522463910281658,41,15.279529571533203,-43.229244232177734,-0.10486355423927307,0.13,42,1031.311551117,1735669179.935238,0.6806839108467102,-45.00950241088867,0.75
42,1.7026314735412598,0.6848580837249756,4.803571428571429e-07,0.6886,-43.75967025756836,-41.71821212768555,-0.06655273586511612,0.016799069941043854,42,15.089300155639648,-42.4766731262207,-0.08335180580615997,0.14,43,1055.639568912,1735669204.2678967,0.6848580837249756,-44.6141471862793,0.5
43,1.3278100490570068,0.6924614310264587,4.785714285714286e-07,0.6892,-54.830177307128906,-50.22382354736328,-0.07951641082763672,0.0017518037930130959,43,16.877904891967773,-51.21459197998047,-0.08126822113990784,0.14,44,1079.771506172,1735669228.4037952,0.6924614310264587,-55.91041564941406,0.75
44,2.1354246139526367,0.7062729597091675,4.767857142857143e-07,0.689,-42.8701171875,-49.164772033691406,-0.1414318084716797,-0.025814099237322807,44,16.06104278564453,-50.1153564453125,-0.11561770737171173,0.14,45,1103.987492443,1735669252.6087685,0.7062729597091675,-43.910736083984375,0.25
45,1.670137643814087,0.6906700730323792,4.7499999999999995e-07,0.688,-47.93848419189453,-48.72425842285156,-0.07650251686573029,0.005506301298737526,45,16.313182830810547,-49.80126190185547,-0.08200881630182266,0.15,46,1128.259496694,1735669276.8806224,0.6906700730323792,-49.12913513183594,0.25
46,1.2283923625946045,0.6619577407836914,4.732142857142857e-07,0.6769,-58.476322174072266,-55.15492248535156,-0.050882983952760696,0.06377928704023361,46,18.488656997680664,-56.09931182861328,-0.1146622747182846,0.15,47,1152.447583926,1735669301.0798542,0.6619577407836914,-59.760398864746094,1.0
47,1.419247031211853,0.6669672727584839,4.714285714285714e-07,0.6813,-44.88370895385742,-40.75218963623047,-0.05330610275268555,0.05402565374970436,47,14.737114906311035,-41.80127716064453,-0.10733175277709961,0.15,48,1176.631471358,1735669325.2598534,0.6669672727584839,-46.177459716796875,0.75
48,1.8470816612243652,0.6868681907653809,4.6964285714285714e-07,0.6976,-64.15753173828125,-46.12364959716797,-0.1136358231306076,0.01358065940439701,48,16.95123863220215,-47.516929626464844,-0.12721648812294006,0.16,49,1201.071515348,1735669349.7053828,0.6868681907653809,-65.47293853759766,0.25
49,1.3380094766616821,0.6741337180137634,4.6785714285714283e-07,0.6915,-39.81898498535156,-33.77066421508789,-0.09162946045398712,0.038593340665102005,49,13.369795799255371,-34.762020111083984,-0.13022279739379883,0.16,50,1225.427535873,1735669374.0602286,0.6741337180137634,-40.85194778442383,1.0
50,1.674116611480713,0.7106975317001343,4.660714285714286e-07,0.7022,-42.97382354736328,-35.843994140625,-0.20192348957061768,-0.03461641073226929,50,14.322037696838379,-36.971160888671875,-0.16730709373950958,0.16,51,1249.739709936,1735669398.3630722,0.7106975317001343,-43.92888641357422,0.0
51,1.3778889179229736,0.6825223565101624,4.6428571428571427e-07,0.6888,-50.597816467285156,-38.637325286865234,-0.0832650437951088,0.021921372041106224,51,15.587477684020996,-39.619808197021484,-0.10518641769886017,0.17,52,1273.791547439,1735669422.415779,0.6825223565101624,-51.67577362060547,0.75
52,2.0820300579071045,0.6808830499649048,4.625e-07,0.6856,-41.24723434448242,-40.701385498046875,-0.14504188299179077,0.02585005573928356,52,14.56158447265625,-41.57078552246094,-0.17089194059371948,0.17,53,1298.035520316,1735669446.6668723,0.6808830499649048,-42.281097412109375,0.75
53,1.3952397108078003,0.689750611782074,4.6071428571428566e-07,0.6947,-38.34272766113281,-40.59992980957031,-0.11469149589538574,0.008019985631108284,53,14.486395835876465,-41.74990463256836,-0.12271147966384888,0.17,54,1322.075503086,1735669470.696752,0.689750611782074,-39.46891784667969,0.5
54,1.6113595962524414,0.6795342564582825,4.589285714285714e-07,0.6875,-33.03881072998047,-32.477291107177734,-0.10007486492395401,0.028361855074763298,54,13.051403045654297,-33.301109313964844,-0.12843671441078186,0.18,55,1346.099531435,1735669494.7310023,0.6795342564582825,-33.99187469482422,0.5
55,1.363308072090149,0.6990536451339722,4.571428571428571e-07,0.6812,-45.88304138183594,-42.105224609375,-0.1190199926495552,-0.011447797529399395,55,16.246366500854492,-43.3764533996582,-0.10757219791412354,0.18,56,1370.431534873,1735669519.0660455,0.6990536451339722,-47.413185119628906,0.5
56,1.57798433303833,0.6682628393173218,4.5535714285714285e-07,0.686,-42.42888641357422,-46.72469711303711,-0.08998312801122665,0.0505673885345459,56,15.664806365966797,-47.92176055908203,-0.14055052399635315,0.18,57,1394.55152997,1735669543.1784809,0.6682628393173218,-43.782962799072266,1.0
57,1.2871228456497192,0.7276389598846436,4.5357142857142854e-07,0.6949,-46.2403450012207,-42.49835968017578,-0.12982037663459778,-0.06763551384210587,57,15.42613410949707,-44.05780792236328,-0.062184859067201614,0.19,58,1418.839486724,1735669567.4624407,0.7276389598846436,-47.775054931640625,0.0
58,1.895897626876831,0.6841558218002319,4.517857142857143e-07,0.6794,-47.362709045410156,-37.17578887939453,-0.14900703728199005,0.018193725496530533,58,15.183399200439453,-38.25833511352539,-0.16720075905323029,0.19,59,1443.242660496,1735669591.909863,0.6841558218002319,-48.73025131225586,0.75
59,1.6538342237472534,0.7054644227027893,4.5e-07,0.687,-41.22955322265625,-35.71348571777344,-0.20733249187469482,-0.0242448803037405,59,14.439994812011719,-37.32794189453125,-0.18308761715888977,0.19,60,1467.467479041,1735669616.089087,0.7054644227027893,-42.978477478027344,0.5
60,1.5766490697860718,0.6938591003417969,4.482142857142857e-07,0.6838,-45.10853576660156,-40.79728317260742,-0.1362808644771576,0.002149118110537529,60,15.224343299865723,-42.110538482666016,-0.13842998445034027,0.2,61,1491.635502918,1735669640.2680776,0.6938591003417969,-46.63331604003906,0.75
61,1.8547210693359375,0.6712123155593872,4.464285714285714e-07,0.7004,-51.5304069519043,-44.837425231933594,-0.15049773454666138,0.04464452713727951,61,16.508548736572266,-46.70953369140625,-0.1951422393321991,0.2,62,1515.695525753,1735669664.3311868,0.6712123155593872,-53.281490325927734,1.0
62,1.6910147666931152,0.7073090076446533,4.446428571428571e-07,0.6823,-40.375572204589844,-42.26187515258789,-0.1531476527452469,-0.02375735342502594,62,14.157364845275879,-43.494590759277344,-0.12939029932022095,0.2,63,1539.903553322,1735669688.531865,0.7073090076446533,-41.842891693115234,0.5
63,1.8162504434585571,0.6631468534469604,4.428571428571428e-07,0.6845,-46.133426666259766,-51.011627197265625,-0.13322465121746063,0.06609289348125458,63,15.918617248535156,-52.691097259521484,-0.1993175446987152,0.21,64,1564.083552941,1735669712.7116845,0.6631468534469604,-48.014034271240234,0.75
64,1.8407230377197266,0.7274408936500549,4.4107142857142855e-07,0.6827,-37.22776794433594,-31.668668746948242,-0.2438688576221466,-0.06405690312385559,64,13.869014739990234,-33.03944396972656,-0.17981195449829102,0.21,65,1588.227481288,1735669736.8603933,0.7274408936500549,-38.836578369140625,0.5
65,1.8345128297805786,0.6965271234512329,4.3928571428571425e-07,0.6939,-43.330230712890625,-37.8875732421875,-0.19724635779857635,-0.006396197248250246,65,14.772705078125,-39.75612258911133,-0.190850168466568,0.21,66,1612.643514817,1735669761.2665572,0.6965271234512329,-45.197601318359375,0.5
66,1.3609004020690918,0.6925510168075562,4.375e-07,0.6843,-37.25596618652344,-46.544677734375,-0.10183405876159668,0.002018159255385399,66,14.876293182373047,-47.817283630371094,-0.10385221987962723,0.21,67,1636.947811026,1735669785.6150687,0.6925510168075562,-38.71148681640625,0.25
67,1.6294671297073364,0.6612462997436523,4.357142857142857e-07,0.6714,-47.33544921875,-43.27947998046875,-0.15218743681907654,0.06668248027563095,67,15.305421829223633,-44.83631896972656,-0.21886992454528809,0.22,68,1661.031545301,1735669809.664865,0.6612462997436523,-49.36090850830078,1.0
68,1.505411982536316,0.6946973204612732,4.3392857142857143e-07,0.6863,-53.77919006347656,-34.57579803466797,-0.18762464821338654,-0.0012829117476940155,68,16.44989585876465,-36.40737533569336,-0.18634173274040222,0.22,69,1685.151458685,1735669833.7736442,0.6946973204612732,-55.771541595458984,0.5
69,1.5718191862106323,0.7020034790039062,4.3214285714285713e-07,0.6975,-48.95387649536133,-43.98058319091797,-0.20732960104942322,-0.016879556700587273,69,16.71390151977539,-45.989784240722656,-0.1904500424861908,0.22,70,1709.087512804,1735669857.719369,0.7020034790039062,-50.908470153808594,0.25
70,1.2820959091186523,0.7140060067176819,4.303571428571429e-07,0.6849,-42.69728088378906,-37.02803039550781,-0.18786269426345825,-0.039504606276750565,70,14.84676742553711,-38.60838317871094,-0.1483580768108368,0.23,71,1733.223528072,1735669881.854127,0.7140060067176819,-44.46382141113281,0.5
71,1.3793166875839233,0.6693912148475647,4.285714285714285e-07,0.6904,-60.015480041503906,-52.70307540893555,-0.22232785820960999,0.05004652962088585,71,16.72025489807129,-54.780311584472656,-0.27237439155578613,0.23,72,1757.407504593,1735669906.028598,0.6693912148475647,-62.179832458496094,0.75
72,1.5455771684646606,0.6476666927337646,4.2678571428571426e-07,0.6886,-43.40091323852539,-40.635257720947266,-0.21072779595851898,0.10083332657814026,72,16.432174682617188,-42.59858703613281,-0.31156110763549805,0.23,73,1781.663516973,1735669930.284798,0.6476666927337646,-45.49530029296875,0.75
73,1.216034173965454,0.678753137588501,4.2499999999999995e-07,0.6894,-34.57453155517578,-29.47930908203125,-0.07851023226976395,0.030132750049233437,73,13.578743934631348,-30.722293853759766,-0.10864298790693283,0.24,74,1805.899524656,1735669954.5319753,0.678753137588501,-35.90896224975586,0.75
74,1.5166902542114258,0.6687021255493164,4.232142857142857e-07,0.6612,-44.0505256652832,-38.89447784423828,-0.15962839126586914,0.051526062190532684,74,15.106148719787598,-40.70604705810547,-0.21115446090698242,0.24,75,1829.983498408,1735669978.6065714,0.6687021255493164,-46.52386474609375,0.75
75,1.669748067855835,0.6928110718727112,4.214285714285714e-07,0.689,-43.483863830566406,-46.14858627319336,-0.16179370880126953,0.0008147247135639191,75,15.244964599609375,-47.95722579956055,-0.16260842978954315,0.24,76,1854.211524786,1735670002.8447628,0.6928110718727112,-45.394432067871094,0.5
76,1.5740220546722412,0.6718027591705322,4.1964285714285714e-07,0.6587,-43.25668716430664,-35.1755485534668,-0.23638096451759338,0.04460630565881729,76,14.346739768981934,-37.26588439941406,-0.2809872627258301,0.25,77,1878.375516937,1735670027.0084276,0.6718027591705322,-46.089725494384766,0.75
77,1.1475348472595215,0.6533612012863159,4.1785714285714283e-07,0.663,-47.9090461730957,-37.64198684692383,-0.07444348931312561,0.08277573436498642,77,16.056663513183594,-39.216773986816406,-0.15721923112869263,0.25,78,1902.479561549,1735670051.10731,0.6533612012863159,-50.13555908203125,0.75
78,1.3955224752426147,0.6679991483688354,4.160714285714286e-07,0.685,-46.34299087524414,-37.95988464355469,-0.1592014729976654,0.05413536727428436,78,14.818214416503906,-40.30072784423828,-0.21333685517311096,0.25,79,1927.603479233,1735670076.2371042,0.6679991483688354,-48.885963439941406,0.75
79,1.5855062007904053,0.6966581344604492,4.142857142857143e-07,0.6728,-43.19144821166992,-33.19256591796875,-0.21770444512367249,-0.0036183632910251617,79,15.365768432617188,-35.232276916503906,-0.21408608555793762,0.26,80,1951.669888547,1735670100.3372064,0.6966581344604492,-45.73360061645508,0.75
80,1.5733187198638916,0.6835125088691711,4.1249999999999997e-07,0.6844,-42.04094696044922,-41.29143142700195,-0.13188856840133667,0.0201603714376688,80,15.497112274169922,-43.734405517578125,-0.15204894542694092,0.26,81,1975.875486415,1735670124.5001333,0.6835125088691711,-44.71703338623047,0.5
81,1.806593656539917,0.6521974802017212,4.1071428571428566e-07,0.675,-36.829444885253906,-41.830238342285156,-0.21682101488113403,0.10145795345306396,81,15.046652793884277,-43.85396957397461,-0.318278968334198,0.26,82,2000.063474515,1735670148.6895208,0.6521974802017212,-39.290496826171875,0.75
82,1.7820063829421997,0.7000764012336731,4.089285714285714e-07,0.6761,-46.47919845581055,-35.33485412597656,-0.2521374821662903,-0.009594403207302094,82,14.21483325958252,-37.2122688293457,-0.2425430864095688,0.27,83,2024.219493912,1735670172.852724,0.7000764012336731,-48.726417541503906,0.5
83,1.4629448652267456,0.6862138509750366,4.071428571428571e-07,0.6674,-52.614036560058594,-37.07207107543945,-0.19490084052085876,0.016174491494894028,83,16.132503509521484,-39.21256637573242,-0.2110753208398819,0.27,84,2048.20744093,1735670196.8306692,0.6862138509750366,-55.28895568847656,0.25
84,1.9075108766555786,0.6825482845306396,4.0535714285714285e-07,0.6725,-53.55897903442383,-45.12714385986328,-0.24810820817947388,0.026518631726503372,84,17.39252471923828,-47.46424102783203,-0.27462682127952576,0.27,85,2072.395558391,1735670221.0231273,0.6825482845306396,-56.35955047607422,0.75
85,1.3263846635818481,0.7069430351257324,4.0357142857142854e-07,0.7023,-47.33306884765625,-45.202880859375,-0.28880056738853455,-0.02667553722858429,85,16.192703247070312,-47.806610107421875,-0.26212501525878906,0.28,86,2096.547538081,1735670245.1818025,0.7069430351257324,-49.77302169799805,0.25
86,1.630061149597168,0.6671574115753174,4.017857142857143e-07,0.7178,-44.70807647705078,-42.69255065917969,-0.2903763949871063,0.05541061609983444,86,16.235774993896484,-45.24043655395508,-0.345786988735199,0.28,87,2120.887550584,1735670269.5152931,0.6671574115753174,-46.813758850097656,0.5
87,1.8525503873825073,0.6650446653366089,4e-07,0.6824,-54.56675720214844,-60.02490997314453,-0.25386181473731995,0.0618465431034565,87,18.784914016723633,-62.97721862792969,-0.31570833921432495,0.28,88,2144.927486989,1735670293.5561974,0.6650446653366089,-57.77745819091797,0.75
88,1.7856022119522095,0.6652705669403076,3.982142857142857e-07,0.6687,-34.867515563964844,-29.208654403686523,-0.1283738613128662,0.057083841413259506,88,13.620348930358887,-30.553512573242188,-0.18545770645141602,0.29,89,2169.047542659,1735670317.6802633,0.6652705669403076,-36.72538757324219,0.75
89,1.7995437383651733,0.6735087633132935,3.9642857142857137e-07,0.6971,-39.80101013183594,-39.52684020996094,-0.23101887106895447,0.0421580895781517,89,14.342235565185547,-41.91629409790039,-0.27317696809768677,0.29,90,2193.211517504,1735670341.8333852,0.6735087633132935,-42.161216735839844,0.75
90,1.8446038961410522,0.6538704037666321,3.946428571428571e-07,0.677,-44.89472961425781,-35.38351058959961,-0.14973431825637817,0.08193126320838928,90,15.702027320861816,-37.91026306152344,-0.23166556656360626,0.29,91,2217.448679378,1735670366.1159525,0.6538704037666321,-47.789817810058594,0.75
91,1.3321928977966309,0.6730012893676758,3.928571428571428e-07,0.6966,-39.692989349365234,-32.1351432800293,-0.22841636836528778,0.04600486159324646,91,15.123736381530762,-34.52349090576172,-0.27442121505737305,0.29,92,2241.595608599,1735670390.2292387,0.6730012893676758,-42.05769348144531,0.75
92,1.7117676734924316,0.6629148721694946,3.9107142857142856e-07,0.6879,-42.58741760253906,-42.27920913696289,-0.2942294776439667,0.06340079009532928,92,15.84237003326416,-45.136898040771484,-0.35763025283813477,0.3,93,2265.831555165,1735670414.453533,0.6629148721694946,-45.56874084472656,0.75
93,1.3850497007369995,0.7046236395835876,3.8928571428571425e-07,0.6772,-39.94279861450195,-49.12214660644531,-0.13072696328163147,-0.017490442842245102,93,15.406038284301758,-51.08502960205078,-0.11323651671409607,0.3,94,2290.055491595,1735670438.680094,0.7046236395835876,-42.27804946899414,0.5
94,1.138925313949585,0.6741667985916138,3.875e-07,0.6644,-45.39187240600586,-36.84508514404297,-0.19739070534706116,0.038587480783462524,94,15.081443786621094,-39.28743362426758,-0.23597818613052368,0.3,95,2314.071505577,1735670462.7059243,0.6741667985916138,-48.4643669128418,1.0
95,1.4678058624267578,0.7173049449920654,3.857142857142857e-07,0.6908,-43.099910736083984,-43.782318115234375,-0.2574450373649597,-0.04518810287117958,95,15.397565841674805,-46.24607467651367,-0.21225695312023163,0.31,96,2338.223523999,1735670486.844969,0.7173049449920654,-45.64727020263672,0.25
96,1.6066412925720215,0.6389708518981934,3.8392857142857144e-07,0.6598,-40.38338851928711,-34.33736038208008,-0.2703301012516022,0.11607499420642853,96,15.213447570800781,-36.60916519165039,-0.3864051103591919,0.31,97,2362.327488791,1735670510.9616985,0.6389708518981934,-43.36964797973633,0.75
97,0.9257839322090149,0.6639021635055542,3.821428571428571e-07,0.687,-37.186500549316406,-30.90774917602539,-0.1435682773590088,0.06142446771264076,97,14.154143333435059,-33.483612060546875,-0.20499275624752045,0.31,98,2386.419521768,1735670535.052379,0.6639021635055542,-39.91864013671875,0.5
98,1.8616437911987305,0.6052164435386658,3.803571428571428e-07,0.6453,-53.277198791503906,-43.2110595703125,-0.45870622992515564,0.1935216188430786,98,16.826702117919922,-46.260719299316406,-0.6522278785705566,0.32,99,2410.627493564,1735670559.2601774,0.6052164435386658,-57.360713958740234,0.75
99,1.660544514656067,0.6202293038368225,3.785714285714285e-07,0.6798,-40.539222717285156,-36.635475158691406,-0.11877933144569397,0.15870724618434906,99,14.613850593566895,-39.28678894042969,-0.27748656272888184,0.32,100,2434.579629212,1735670583.2021086,0.6202293038368225,-43.51646423339844,0.75
100,1.572606086730957,0.721276044845581,3.7678571428571426e-07,0.6648,-41.03883361816406,-34.45661926269531,-0.3884640038013458,-0.052751898765563965,100,14.723061561584473,-36.986793518066406,-0.33571210503578186,0.32,101,2458.895527248,1735670607.5289464,0.721276044845581,-44.19303894042969,0.25
101,1.4932302236557007,0.7468729019165039,3.75e-07,0.6957,-47.26042175292969,-32.87489318847656,-0.24906635284423828,-0.10456094890832901,101,15.570371627807617,-35.315025329589844,-0.14450541138648987,0.33,102,2483.063573746,1735670631.6863668,0.7468729019165039,-49.66680908203125,0.0
102,1.4306657314300537,0.661112368106842,3.732142857142857e-07,0.6836,-44.06918716430664,-38.391639709472656,-0.29367440938949585,0.07018520683050156,102,15.808850288391113,-41.271385192871094,-0.3638595938682556,0.33,103,2507.447550652,1735670656.0799115,0.661112368106842,-47.212188720703125,0.75
103,1.1434192657470703,0.665917694568634,3.7142857142857145e-07,0.6862,-36.563846588134766,-38.711936950683594,-0.17068377137184143,0.05948936939239502,103,14.73939323425293,-41.184661865234375,-0.23017314076423645,0.33,104,2531.623524447,1735670680.2585902,0.665917694568634,-39.21369171142578,0.5
104,1.3104162216186523,0.6489203572273254,3.6964285714285714e-07,0.6753,-42.92029571533203,-37.07609176635742,-0.1708400547504425,0.09329988062381744,104,14.992868423461914,-39.40022277832031,-0.26413995027542114,0.34,105,2555.911563216,1735670704.5452216,0.6489203572273254,-45.66148376464844,0.75
105,1.213002324104309,0.6582058668136597,3.678571428571429e-07,0.6972,-46.907691955566406,-39.37995910644531,-0.10849254578351974,0.07625283300876617,105,15.814059257507324,-42.215240478515625,-0.18474537134170532,0.34,106,2580.167511448,1735670728.7934809,0.6582058668136597,-49.71393585205078,0.75
106,1.9952648878097534,0.6538823246955872,3.6607142857142853e-07,0.6307,-47.497222900390625,-41.819698333740234,-0.33613714575767517,0.08272149413824081,106,14.593022346496582,-44.616355895996094,-0.4188586473464966,0.34,107,2604.071493355,1735670752.7064981,0.6538823246955872,-51.65422821044922,0.75
107,1.7239935398101807,0.6582317352294922,3.642857142857143e-07,0.6546,-54.84662628173828,-42.83747482299805,-0.350236177444458,0.07213091105222702,107,15.52407169342041,-46.34819030761719,-0.4223670959472656,0.35,108,2628.163505115,1735670776.7848456,0.6582317352294922,-59.18806457519531,0.75
108,1.805706262588501,0.6760680675506592,3.6249999999999997e-07,0.6983,-40.849727630615234,-43.31293487548828,-0.23639638721942902,0.04886268079280853,108,15.823833465576172,-46.45363235473633,-0.28525906801223755,0.35,109,2652.547509129,1735670801.1798594,0.6760680675506592,-43.944313049316406,0.5
109,1.6515482664108276,0.6419969797134399,3.607142857142857e-07,0.7081,-41.52402877807617,-45.77165222167969,-0.3348924219608307,0.11615446954965591,109,15.856317520141602,-49.20050811767578,-0.4510469138622284,0.35,110,2676.551497667,1735670825.1858435,0.6419969797134399,-44.71665954589844,0.75
110,1.2715847492218018,0.6089932918548584,3.589285714285714e-07,0.6517,-44.44647979736328,-34.71002197265625,-0.20428864657878876,0.18698255717754364,110,13.61795425415039,-37.452667236328125,-0.3912712037563324,0.36,111,2700.811489139,1735670849.4458513,0.6089932918548584,-48.193458557128906,0.75
111,1.189225673675537,0.6118847727775574,3.5714285714285716e-07,0.6566,-46.69890594482422,-39.188758850097656,-0.16533465683460236,0.1767880916595459,111,14.878399848937988,-41.580078125,-0.34212276339530945,0.36,112,2724.947486902,1735670873.5696065,0.6118847727775574,-49.883995056152344,1.0
112,1.905226707458496,0.6335515379905701,3.5535714285714285e-07,0.6535,-51.61616516113281,-46.89286804199219,-0.35475683212280273,0.12606929242610931,112,16.319101333618164,-50.222679138183594,-0.48082610964775085,0.36,113,2749.095506575,1735670897.7297976,0.6335515379905701,-55.8097038269043,0.75
113,1.7973095178604126,0.7229440808296204,3.535714285714286e-07,0.7152,-33.59174346923828,-33.85943603515625,-0.4248881936073303,-0.030544724315404892,113,14.375703811645508,-36.9583740234375,-0.3943434953689575,0.37,114,2773.207486197,1735670921.8307846,0.7229440808296204,-36.362937927246094,0.5
114,1.6340516805648804,0.622330904006958,3.517857142857143e-07,0.6877,-37.472633361816406,-36.48805236816406,-0.21606770157814026,0.15711623430252075,114,13.963496208190918,-39.27339553833008,-0.373183935880661,0.37,115,2797.551481349,1735670946.1836507,0.622330904006958,-40.439056396484375,0.75
115,1.4704405069351196,0.6625329256057739,3.5e-07,0.6653,-45.20341491699219,-47.179779052734375,-0.15779733657836914,0.06824524700641632,115,15.744909286499023,-49.398902893066406,-0.22604258358478546,0.37,116,2821.771482571,1735670970.4001102,0.6625329256057739,-48.03293991088867,0.75
116,1.2497243881225586,0.6661677360534668,3.482142857142857e-07,0.6786,-40.05376052856445,-31.497682571411133,-0.30328863859176636,0.055837057530879974,116,13.63467788696289,-33.97954177856445,-0.3591257333755493,0.38,117,2845.963506227,1735670994.5875015,0.6661677360534668,-42.87653732299805,0.75
117,1.8258436918258667,0.7273722290992737,3.464285714285714e-07,0.6723,-47.44169616699219,-39.11261749267578,-0.385729044675827,-0.0622456818819046,117,15.234068870544434,-42.64484786987305,-0.32348334789276123,0.38,118,2869.971550617,1735671018.5961328,0.7273722290992737,-51.489837646484375,0.25
118,1.26168954372406,0.5907475352287292,3.446428571428571e-07,0.6442,-51.735137939453125,-39.57613754272461,-0.24081449210643768,0.22269105911254883,118,14.978506088256836,-42.25700378417969,-0.4635055661201477,0.38,119,2894.259552477,1735671042.8939812,0.5907475352287292,-55.48639678955078,1.0
119,1.8256787061691284,0.6789617538452148,3.4285714285714286e-07,0.6715,-47.79704284667969,-34.04110336303711,-0.35770270228385925,0.05595339089632034,119,15.302031517028809,-37.06803894042969,-0.413656085729599,0.38,120,2918.495563988,1735671067.1186934,0.6789617538452148,-51.37919998168945,0.5
120,1.6259890794754028,0.7158620357513428,3.4107142857142856e-07,0.6837,-51.12232971191406,-37.15995788574219,-0.3609973192214966,-0.042633023113012314,120,16.2498836517334,-40.6990966796875,-0.31836429238319397,0.39,121,2942.571504262,1735671091.2064934,0.7158620357513428,-54.950889587402344,0.5
121,2.118165969848633,0.6593279838562012,3.392857142857143e-07,0.6691,-38.513885498046875,-42.780303955078125,-0.4246980547904968,0.07686829566955566,121,14.694720268249512,-46.436912536621094,-0.5015663504600525,0.39,122,2966.739532975,1735671115.3719044,0.6593279838562012,-42.74070739746094,0.75
122,1.9722846746444702,0.6760668158531189,3.375e-07,0.6817,-50.64008712768555,-34.67701721191406,-0.4033999443054199,0.03733644634485245,122,15.334379196166992,-38.14946746826172,-0.44073641300201416,0.39,123,2991.059559273,1735671139.6834962,0.6760668158531189,-54.41645050048828,0.75
123,1.9051578044891357,0.6731138825416565,3.357142857142857e-07,0.6839,-41.919864654541016,-34.68372344970703,-0.3681586682796478,0.04457000643014908,123,15.324544906616211,-38.163238525390625,-0.4127286672592163,0.4,124,3015.391538546,1735671164.0176508,0.6731138825416565,-45.666873931884766,0.75
124,1.8686023950576782,0.6428680419921875,3.339285714285714e-07,0.6208,-62.96630859375,-42.82951354980469,-0.3728175461292267,0.12918907403945923,124,16.101545333862305,-46.037261962890625,-0.5020066499710083,0.4,125,3039.671536926,1735671188.3055964,0.6428680419921875,-67.83042907714844,0.75
125,1.3052970170974731,0.6962769031524658,3.3214285714285713e-07,0.6793,-46.67045593261719,-28.29070472717285,-0.2725563049316406,-0.0046862466260790825,125,14.58831787109375,-31.100234985351562,-0.2678700387477875,0.4,126,3063.991501888,1735671212.6156342,0.6962769031524658,-49.83003234863281,0.5
126,1.4388368129730225,0.6678394079208374,3.303571428571428e-07,0.6838,-44.917911529541016,-37.83623504638672,-0.304141640663147,0.05919046327471733,126,14.887723922729492,-41.27998733520508,-0.3633320927619934,0.41,127,3087.927533448,1735671236.5610604,0.6678394079208374,-48.610923767089844,0.5
127,1.4938726425170898,0.7390305995941162,3.2857142857142857e-07,0.6841,-33.884002685546875,-36.378822326660156,-0.39058080315589905,-0.08846818655729294,127,15.738944053649902,-39.69810485839844,-0.3021126389503479,0.41,128,3112.41145952,1735671261.0454416,0.7390305995941162,-37.46240997314453,0.25
128,1.541804552078247,0.6547034978866577,3.2678571428571427e-07,0.6448,-49.58662414550781,-41.25142288208008,-0.40419459342956543,0.0882224440574646,128,16.282148361206055,-44.485008239746094,-0.49241703748703003,0.41,129,3136.351492298,1735671284.9746206,0.6547034978866577,-53.890045166015625,0.5
129,1.7302324771881104,0.7250845432281494,3.25e-07,0.6816,-52.69906997680664,-46.46104431152344,-0.4995304048061371,-0.059913329780101776,129,17.330738067626953,-50.347862243652344,-0.4396170973777771,0.42,130,3160.839448151,1735671309.4679043,0.7250845432281494,-56.89169692993164,0.5
130,1.7252954244613647,0.7094882726669312,3.232142857142857e-07,0.6695,-40.48646926879883,-32.49785232543945,-0.44070810079574585,0.005793217569589615,130,14.596902847290039,-35.73508834838867,-0.44650131464004517,0.42,131,3185.051553756,1735671333.679333,0.7094882726669312,-44.36028289794922,0.25
131,1.633405327796936,0.621616005897522,3.2142857142857145e-07,0.6728,-35.989437103271484,-40.799400329589844,-0.19792142510414124,0.16088950634002686,131,15.243592262268066,-44.067535400390625,-0.3588109612464905,0.42,132,3209.259524,1735671357.8820908,0.621616005897522,-39.79510498046875,0.75
132,1.288620114326477,0.8227016925811768,3.196428571428571e-07,0.7126,-39.764190673828125,-48.05828094482422,-0.47586554288864136,-0.2401009202003479,132,16.850858688354492,-52.383399963378906,-0.23576463758945465,0.43,133,3233.431552214,1735671382.062363,0.8227016925811768,-43.78590393066406,0.0
133,1.2349741458892822,0.6154037714004517,3.1785714285714284e-07,0.6558,-47.546165466308594,-39.34571075439453,-0.27377957105636597,0.16538283228874207,133,14.59969425201416,-42.707664489746094,-0.43916237354278564,0.43,134,3257.679462186,1735671406.3124795,0.6154037714004517,-51.75395965576172,1.0
134,1.329643964767456,0.7082725763320923,3.1607142857142853e-07,0.674,-29.04560661315918,-29.86115264892578,-0.297593891620636,-0.02803889662027359,134,13.110810279846191,-32.67860794067383,-0.269555002450943,0.43,135,3281.83546126,1735671430.4590735,0.7082725763320923,-32.30223846435547,0.5
135,1.8550293445587158,0.6983453035354614,3.142857142857143e-07,0.6747,-37.07080841064453,-28.680444717407227,-0.4991663694381714,-0.007796123623847961,135,14.195785522460938,-32.130409240722656,-0.4913702607154846,0.44,136,3306.09952776,1735671454.7214332,0.6983453035354614,-40.961647033691406,0.5
136,0.9802672266960144,0.6486760377883911,3.1249999999999997e-07,0.686,-42.086708068847656,-41.322818756103516,-0.1848084032535553,0.10396610200405121,136,15.58491039276123,-44.47037887573242,-0.2887744903564453,0.44,137,3330.411543549,1735671479.0417938,0.6486760377883911,-45.47918701171875,0.5
137,1.5285570621490479,0.7335370779037476,3.107142857142857e-07,0.6964,-36.81272888183594,-40.09132385253906,-0.42453449964523315,-0.06817325949668884,137,15.627056121826172,-43.78541564941406,-0.3563612401485443,0.44,138,3354.355612333,1735671502.9809759,0.7335370779037476,-40.59990692138672,0.5
138,1.607831597328186,0.6773775815963745,3.089285714285714e-07,0.6436,-48.059898376464844,-37.733787536621094,-0.40576621890068054,0.043484680354595184,138,15.631455421447754,-40.72785949707031,-0.44925087690353394,0.45,139,3378.495556555,1735671527.1263502,0.6773775815963745,-52.202491760253906,0.5
139,1.4029053449630737,0.5369465351104736,3.0714285714285716e-07,0.5997,-57.395633697509766,-46.63029861450195,-0.16962942481040955,0.34314781427383423,139,16.991384506225586,-50.04840087890625,-0.5127772092819214,0.45,140,3402.695573678,1735671551.3276944,0.5369465351104736,-62.88557434082031,1.0
140,1.724786639213562,0.6906805038452148,3.0535714285714285e-07,0.7069,-43.951026916503906,-45.82705307006836,-0.21087881922721863,0.013665929436683655,140,17.055883407592773,-49.72389221191406,-0.22454476356506348,0.45,141,3426.827577674,1735671575.461619,0.6906805038452148,-47.66367721557617,0.25
141,1.3647029399871826,0.6565142869949341,3.0357142857142855e-07,0.6985,-38.64171600341797,-44.542510986328125,-0.20089340209960938,0.08067168295383453,141,15.30642032623291,-48.20214080810547,-0.2815650999546051,0.46,142,3450.959503212,1735671599.5880833,0.6565142869949341,-42.24326705932617,0.75
142,1.7076116800308228,0.7251529693603516,3.0178571428571424e-07,0.6964,-27.789840698242188,-30.863964080810547,-0.41792452335357666,-0.016501672565937042,142,13.657079696655273,-33.51836395263672,-0.4014228582382202,0.46,143,3475.031488508,1735671623.6653066,0.7251529693603516,-30.567893981933594,0.5
143,1.1187623739242554,0.7064516544342041,3e-07,0.6505,-43.610137939453125,-37.70045471191406,-0.2821972072124481,-0.02590293623507023,143,13.97274112701416,-41.4881477355957,-0.25629425048828125,0.46,144,3499.2435331,1735671647.8733115,0.7064516544342041,-48.3343505859375,0.5
144,2.2044312953948975,0.6595789790153503,2.982142857142857e-07,0.6586,-40.12154006958008,-38.58087158203125,-0.4597410261631012,0.07559578865766525,144,14.828514099121094,-42.222286224365234,-0.5353367924690247,0.46,145,3523.635450794,1735671672.2678523,0.6595789790153503,-44.543304443359375,0.75
145,1.6556557416915894,0.7244592905044556,2.9642857142857143e-07,0.6826,-39.6126594543457,-45.133575439453125,-0.359988808631897,-0.05887766182422638,145,16.503719329833984,-48.41840362548828,-0.3011111319065094,0.47,146,3547.899536509,1735671696.5275838,0.7244592905044556,-43.16978073120117,0.25
146,1.1499191522598267,0.6372871398925781,2.946428571428571e-07,0.6383,-44.379634857177734,-38.497314453125,-0.24437527358531952,0.12079421430826187,146,15.455331802368164,-41.10908508300781,-0.365169495344162,0.47,147,3572.143572262,1735671720.7646816,0.6372871398925781,-48.261558532714844,0.75
147,2.125455379486084,0.642146646976471,2.9285714285714287e-07,0.6545,-51.429569244384766,-34.70869064331055,-0.3018037676811218,0.11345226317644119,147,16.09273338317871,-37.79001998901367,-0.4152560532093048,0.47,148,3596.031455692,1735671744.6536212,0.642146646976471,-55.38825225830078,0.5
148,1.2538410425186157,0.6397022008895874,2.9107142857142856e-07,0.6593,-48.23154067993164,-43.923683166503906,-0.10593529045581818,0.11454354226589203,148,16.663515090942383,-46.72356414794922,-0.2204788327217102,0.48,149,3620.067544118,1735671768.699651,0.6397022008895874,-51.80206298828125,0.75
149,1.5016840696334839,0.6113990545272827,2.892857142857143e-07,0.6228,-48.3845100402832,-40.39300537109375,-0.3059730529785156,0.18717828392982483,149,15.081384658813477,-43.49677276611328,-0.49315133690834045,0.48,150,3644.331543061,1735671792.9548566,0.6113990545272827,-53.068241119384766,0.75
150,1.6057449579238892,0.6446701288223267,2.8749999999999995e-07,0.6484,-52.514427185058594,-48.618247985839844,-0.3784788250923157,0.11225403845310211,150,16.09918975830078,-52.4969482421875,-0.4907328486442566,0.48,151,3668.603479643,1735671817.2351706,0.6446701288223267,-57.38249969482422,0.75
151,1.1157121658325195,0.590131402015686,2.857142857142857e-07,0.6335,-42.51219940185547,-28.541156768798828,-0.2984663248062134,0.23724178969860077,151,13.461698532104492,-31.152809143066406,-0.5357080698013306,0.49,152,3692.615513453,1735671841.2487047,0.590131402015686,-46.49059295654297,0.75
152,2.0552592277526855,0.6887609958648682,2.839285714285714e-07,0.6639,-45.25343322753906,-35.774253845214844,-0.52834153175354,0.03159381449222565,152,15.857644081115723,-39.58134078979492,-0.5599353313446045,0.49,153,3716.958179806,1735671865.6254997,0.6887609958648682,-49.807830810546875,0.5
153,2.083113193511963,0.574415385723114,2.8214285714285713e-07,0.6628,-52.978843688964844,-46.83174133300781,-0.45812398195266724,0.26497969031333923,153,16.774484634399414,-51.17991638183594,-0.7231036424636841,0.49,154,3740.895473641,1735671889.5242708,0.574415385723114,-58.16764831542969,0.75
154,1.0389914512634277,0.7040655612945557,2.8035714285714283e-07,0.6764,-34.5670166015625,-24.981056213378906,-0.2143883854150772,-0.020213833078742027,154,13.326351165771484,-27.716659545898438,-0.19417455792427063,0.5,155,3764.931492483,1735671913.5662117,0.7040655612945557,-37.701229095458984,0.5
155,1.7148748636245728,0.6533118486404419,2.785714285714286e-07,0.667,-45.86670684814453,-35.660552978515625,-0.334400475025177,0.08922125399112701,155,15.951833724975586,-39.28515625,-0.4236217141151428,0.5,156,3789.127562962,1735671937.7495143,0.6533118486404419,-50.06987380981445,0.5
156,1.942255973815918,0.7043229937553406,2.7678571428571427e-07,0.7026,-34.27124786376953,-36.352577209472656,-0.3134484887123108,-0.019805721938610077,156,14.511330604553223,-40.85237503051758,-0.2936427593231201,0.5,157,3813.171554646,1735671961.8026483,0.7043229937553406,-38.68871307373047,0.5
157,1.2988111972808838,0.6918620467185974,2.75e-07,0.6603,-33.52348327636719,-33.735816955566406,-0.23187418282032013,0.0031526461243629456,157,13.265254020690918,-36.62543487548828,-0.23502683639526367,0.51,158,3837.479505206,1735671986.114071,0.6918620467185974,-37.15571594238281,0.75
158,1.6439008712768555,0.5984044075012207,2.7321428571428565e-07,0.6049,-49.856895446777344,-34.43503952026367,-0.31878218054771423,0.21820920705795288,158,14.330048561096191,-38.78616714477539,-0.5369914174079895,0.51,159,3861.763473998,1735672010.3953762,0.5984044075012207,-56.313987731933594,0.5
159,1.4106477499008179,0.6893431544303894,2.714285714285714e-07,0.6575,-47.43913269042969,-53.01266860961914,-0.3586362600326538,0.021476656198501587,159,16.96588706970215,-57.61833190917969,-0.3801129162311554,0.51,160,3886.119482786,1735672034.745859,0.6893431544303894,-52.852561950683594,0.5
160,1.435001015663147,0.7162511348724365,2.696428571428571e-07,0.6727,-42.91931915283203,-42.915985107421875,-0.3197921812534332,-0.0314033217728138,160,16.147178649902344,-46.68336486816406,-0.28838884830474854,0.52,161,3910.371548528,1735672058.9997287,0.7162511348724365,-47.230350494384766,0.5
161,1.8534923791885376,0.6528090238571167,2.6785714285714284e-07,0.6848,-38.57826614379883,-35.41608428955078,-0.4088332951068878,0.08381663262844086,161,14.915857315063477,-39.22752380371094,-0.49264994263648987,0.52,162,3934.443475869,1735672083.0719023,0.6528090238571167,-42.69593811035156,0.75
162,2.1496901512145996,0.8030206561088562,2.6607142857142853e-07,0.6675,-46.17008972167969,-35.304176330566406,-0.5432420969009399,-0.190619558095932,162,16.53278160095215,-38.94982147216797,-0.3526225686073303,0.52,163,3958.415493765,1735672107.0497606,0.8030206561088562,-50.56822204589844,0.25
163,1.9164447784423828,0.7008168697357178,2.642857142857143e-07,0.6243,-65.00332641601562,-32.28250503540039,-0.4643762409687042,0.006017282605171204,163,17.723403930664062,-36.09099197387695,-0.47039350867271423,0.53,164,3982.723545529,1735672131.3545077,0.7008168697357178,-70.50496673583984,0.5
164,1.869612455368042,0.6238701939582825,2.625e-07,0.6968,-43.516563415527344,-37.019126892089844,-0.48509520292282104,0.15313559770584106,164,16.49898910522461,-40.675106048583984,-0.6382308006286621,0.53,165,4007.139537872,1735672155.7606075,0.6238701939582825,-47.23133850097656,0.75
165,1.4934978485107422,0.7151858806610107,2.607142857142857e-07,0.7001,-35.06824493408203,-29.293685913085938,-0.2750183939933777,-0.03277935832738876,165,14.907134056091309,-32.250492095947266,-0.24223904311656952,0.53,166,4031.471533928,1735672180.0999568,0.7151858806610107,-37.969932556152344,0.5
166,1.513988971710205,0.6484993100166321,2.589285714285714e-07,0.6973,-44.82204818725586,-44.060760498046875,-0.28846096992492676,0.09434541314840317,166,16.260135650634766,-48.343772888183594,-0.3828063905239105,0.54,167,4055.572799143,1735672204.2400804,0.6484993100166321,-49.189842224121094,0.75
167,1.8661788702011108,0.7163276672363281,2.571428571428571e-07,0.6307,-52.01524353027344,-35.591514587402344,-0.48368290066719055,-0.034514348953962326,167,15.546558380126953,-39.53873825073242,-0.44916850328445435,0.54,168,4079.783456922,1735672228.4170437,0.7163276672363281,-57.37083435058594,0.25
168,1.3105791807174683,0.7770912647247314,2.553571428571428e-07,0.6904,-38.653602600097656,-35.359703063964844,-0.43058621883392334,-0.13035932183265686,168,16.37499237060547,-38.993934631347656,-0.30022692680358887,0.54,169,4103.927505834,1735672252.5520687,0.7770912647247314,-42.60762405395508,0.5
169,1.582326889038086,0.6706242561340332,2.5357142857142855e-07,0.665,-38.5865478515625,-35.09711456298828,-0.5980143547058105,0.0632844790816307,169,15.585005760192871,-39.2545051574707,-0.6612988710403442,0.54,170,4128.063550298,1735672276.6972837,0.6706242561340332,-43.41316223144531,0.75
170,1.5436620712280273,0.6120878458023071,2.5178571428571424e-07,0.6233,-52.99574661254883,-37.31825256347656,-0.449141263961792,0.18112531304359436,170,15.385005950927734,-41.58087921142578,-0.630266547203064,0.55,171,4152.019544671,1735672300.6422362,0.6120878458023071,-58.873695373535156,0.75
171,1.9952361583709717,0.7498154640197754,2.5e-07,0.683,-49.90105438232422,-42.09778594970703,-0.46392908692359924,-0.10610567033290863,171,16.70538330078125,-46.44316101074219,-0.3578234314918518,0.55,172,4176.131520892,1735672324.7652295,0.7498154640197754,-54.516998291015625,0.25
172,1.4654662609100342,0.7369491457939148,2.4821428571428574e-07,0.7014,-39.21312713623047,-36.346824645996094,-0.27600324153900146,-0.08322055637836456,172,14.656794548034668,-39.5831298828125,-0.1927826702594757,0.55,173,4200.447466122,1735672349.0828257,0.7369491457939148,-42.35403823852539,0.25
173,2.04990553855896,0.7229334115982056,2.4642857142857143e-07,0.6905,-42.714996337890625,-28.434818267822266,-0.6029365658760071,-0.055943652987480164,173,16.941679000854492,-32.631134033203125,-0.5469928979873657,0.56,174,4224.655496301,1735672373.2783015,0.7229334115982056,-47.07335662841797,0.25
174,1.9199259281158447,0.6806304454803467,2.446428571428571e-07,0.649,-34.55730438232422,-41.97928237915039,-0.4172566533088684,0.031119629740715027,174,15.681578636169434,-45.47019958496094,-0.44837626814842224,0.56,175,4248.90346967,1735672397.531825,0.6806304454803467,-39.05113220214844,0.5
175,1.245488166809082,0.6473121643066406,2.4285714285714287e-07,0.6336,-49.30372619628906,-31.04078483581543,-0.21441596746444702,0.09917417168617249,175,15.578283309936523,-34.03559494018555,-0.3135901391506195,0.56,176,4272.991516917,1735672421.6248958,0.6473121643066406,-53.676212310791016,0.5
176,1.464849591255188,0.5652015209197998,2.4107142857142856e-07,0.6279,-43.95057678222656,-39.712745666503906,-0.3062490224838257,0.28160539269447327,176,14.839266777038574,-43.29467010498047,-0.5878543853759766,0.57,177,4297.063462801,1735672445.6864605,0.5652015209197998,-49.0191535949707,1.0
177,1.8250967264175415,0.5767706632614136,2.392857142857143e-07,0.5999,-62.01749038696289,-41.246307373046875,-0.426114022731781,0.2565838396549225,177,16.857791900634766,-45.178741455078125,-0.6826978921890259,0.57,178,4321.523543594,1735672470.1556034,0.5767706632614136,-68.0414047241211,1.0
178,0.8633687496185303,0.7672586441040039,2.3749999999999998e-07,0.7166,-35.296878814697266,-34.8978385925293,-0.4354191720485687,-0.13684888184070587,178,14.868135452270508,-38.45497131347656,-0.29857027530670166,0.57,179,4345.579491503,1735672494.2145839,0.7672586441040039,-38.452327728271484,0.25
179,1.6571725606918335,0.5687602758407593,2.357142857142857e-07,0.6143,-45.24034881591797,-38.22516632080078,-0.24612128734588623,0.27076083421707153,179,13.719294548034668,-41.665748596191406,-0.5168821215629578,0.58,180,4369.779544038,1735672518.4116547,0.5687602758407593,-50.488365173339844,1.0
180,1.569136619567871,0.7787984609603882,2.3392857142857142e-07,0.6358,-37.98402786254883,-36.87103271484375,-0.551578164100647,-0.15795671939849854,180,15.207616806030273,-40.734867095947266,-0.3936214745044708,0.58,181,4393.871499097,1735672542.499115,0.7787984609603882,-43.41279983520508,0.25
181,1.692840576171875,0.7077670097351074,2.3214285714285714e-07,0.6515,-38.226497650146484,-40.47712707519531,-0.7548666596412659,0.002874143421649933,181,15.652524948120117,-45.14390563964844,-0.7577407956123352,0.58,182,4417.903553239,1735672566.535588,0.7077670097351074,-43.90174102783203,0.5
182,1.3206340074539185,0.6416394710540771,2.3035714285714283e-07,0.5999,-41.251522064208984,-35.13030242919922,-0.3110000193119049,0.10753242671489716,182,13.895670890808105,-38.952415466308594,-0.41853243112564087,0.59,183,4441.963519904,1735672590.5863519,0.6416394710540771,-47.20893859863281,1.0
183,1.4515072107315063,0.7680189609527588,2.2857142857142855e-07,0.7019,-34.016357421875,-39.06455993652344,-0.46257105469703674,-0.13989371061325073,183,15.53600788116455,-44.416053771972656,-0.322677344083786,0.59,184,4466.383523215,1735672615.0184412,0.7680189609527588,-39.354034423828125,0.25
184,1.7843234539031982,0.6265640258789062,2.2678571428571427e-07,0.6119,-49.911380767822266,-38.930484771728516,-0.4203071594238281,0.1749366819858551,184,15.708946228027344,-42.41935729980469,-0.5952438116073608,0.59,185,4490.471476202,1735672639.104341,0.6265640258789062,-55.373634338378906,0.75
185,1.5012234449386597,0.7789828777313232,2.25e-07,0.7366,-37.83586502075195,-34.53162384033203,-0.5809807181358337,-0.1442977786064148,185,17.376060485839844,-39.74371337890625,-0.43668296933174133,0.6,186,4514.731581855,1735672663.362103,0.7789828777313232,-42.42170715332031,0.5
186,1.7443524599075317,0.6847108602523804,2.232142857142857e-07,0.6851,-45.406917572021484,-38.77819061279297,-0.4474470615386963,0.033658940345048904,186,15.97667407989502,-43.16471481323242,-0.4811060130596161,0.6,187,4538.951489845,1735672687.574822,0.6847108602523804,-50.07061767578125,0.5
187,1.85786771774292,0.6478961706161499,2.214285714285714e-07,0.7148,-39.62938690185547,-40.349327087402344,-0.40431883931159973,0.10246869176626205,187,16.439695358276367,-45.633323669433594,-0.5067875385284424,0.6,188,4563.231528264,1735672711.866592,0.6478961706161499,-44.634521484375,0.75
188,1.7575284242630005,0.6460752487182617,2.1964285714285712e-07,0.6526,-54.303550720214844,-50.298221588134766,-0.42697030305862427,0.1030268594622612,188,16.175813674926758,-55.24324035644531,-0.5299971699714661,0.61,189,4587.567516946,1735672736.1911051,0.6460752487182617,-60.31895446777344,0.75
189,1.9671711921691895,0.6355966329574585,2.1785714285714284e-07,0.6149,-42.74555969238281,-34.12767791748047,-0.5099356770515442,0.12328483164310455,189,14.824673652648926,-38.05754470825195,-0.6332205533981323,0.61,190,4611.849537499,1735672760.5168297,0.6355966329574585,-48.35257339477539,0.75
190,1.5755659341812134,0.6405346393585205,2.1607142857142856e-07,0.6027,-51.68424987792969,-39.438270568847656,-0.4772421717643738,0.1218009740114212,190,15.591880798339844,-43.57545471191406,-0.5990431308746338,0.61,191,4635.955556185,1735672784.5878282,0.6405346393585205,-58.02555847167969,0.75
191,1.8341753482818604,0.7024635076522827,2.1428571428571426e-07,0.6715,-48.703941345214844,-42.508724212646484,-0.5581848621368408,-0.0006265491247177124,191,16.943639755249023,-47.153709411621094,-0.5575582385063171,0.62,192,4660.127310615,1735672808.7945814,0.7024635076522827,-53.94561004638672,0.75
192,1.8728755712509155,0.6303106546401978,2.1249999999999998e-07,0.7068,-37.761478424072266,-43.30649948120117,-0.5130648612976074,0.14849190413951874,192,14.99846363067627,-48.073936462402344,-0.6615567207336426,0.62,193,4684.331552657,1735672832.9601233,0.6303106546401978,-42.38319778442383,0.5
193,2.251920223236084,0.5142833590507507,2.107142857142857e-07,0.6039,-44.04785919189453,-40.164127349853516,-0.3857738971710205,0.41179558634757996,193,15.179801940917969,-43.80074691772461,-0.7975695133209229,0.62,194,4708.49950265,1735672857.1301737,0.5142833590507507,-49.76838684082031,1.0
194,1.5925289392471313,0.6964350342750549,2.0892857142857142e-07,0.7037,-42.42633056640625,-37.968238830566406,-0.49126434326171875,-0.00469612330198288,194,16.30247688293457,-42.853965759277344,-0.4865682125091553,0.62,195,4732.623558522,1735672881.2491903,0.6964350342750549,-47.22052764892578,0.5
195,1.5090715885162354,0.53836590051651,2.0714285714285714e-07,0.5832,-52.46160888671875,-32.487884521484375,-0.43723586201667786,0.3461270034313202,195,13.961984634399414,-36.581520080566406,-0.783362865447998,0.63,196,4756.759493097,1735672905.3907413,0.53836590051651,-59.082237243652344,1.0
196,1.6619479656219482,0.6715952157974243,2.0535714285714283e-07,0.6855,-47.290008544921875,-51.78627395629883,-0.49842768907546997,0.15270394086837769,196,17.974395751953125,-56.70879364013672,-0.6511316299438477,0.63,197,4781.019541129,1735672929.6527684,0.6715952157974243,-52.77674865722656,0.5
197,1.5218576192855835,0.7222450971603394,2.0357142857142855e-07,0.6959,-38.23283767700195,-37.143035888671875,-0.44891589879989624,-0.04189211130142212,197,16.337696075439453,-41.773624420166016,-0.4070237874984741,0.63,198,4805.139515519,1735672953.762938,0.7222450971603394,-42.917747497558594,0.25
198,1.4100115299224854,0.5317515134811401,2.0178571428571427e-07,0.6316,-48.73552703857422,-35.28310775756836,-0.26885277032852173,0.4111345410346985,198,15.449234008789062,-40.22030258178711,-0.6799873113632202,0.64,199,4829.283522542,1735672977.9048223,0.5317515134811401,-55.249847412109375,1.0
199,1.7811776399612427,0.65784752368927,2e-07,0.6294,-46.260372161865234,-35.230690002441406,-0.4254758059978485,0.09485272318124771,199,15.278464317321777,-38.49919128417969,-0.5203285217285156,0.64,200,4853.623528527,1735673002.2537255,0.65784752368927,-51.0035285949707,0.5
200,1.488443374633789,0.5858298540115356,1.9821428571428568e-07,0.6592,-43.40776824951172,-47.06838607788086,-0.4450567364692688,0.2539878785610199,200,17.3778076171875,-52.694210052490234,-0.6990445852279663,0.64,201,4877.855550667,1735673026.4788046,0.5858298540115356,-49.96208953857422,0.75
201,1.6005257368087769,0.6368488073348999,1.964285714285714e-07,0.6415,-38.61031723022461,-29.32307243347168,-0.45662230253219604,0.14327989518642426,201,14.064433097839355,-33.023983001708984,-0.5999021530151367,0.65,202,4901.955536517,1735673050.5867338,0.6368488073348999,-43.53582000732422,0.75
202,1.4533493518829346,0.6593256592750549,1.9464285714285712e-07,0.6327,-37.41175842285156,-45.16099548339844,-0.3136785924434662,0.07386275380849838,202,16.49256706237793,-48.72514343261719,-0.38754135370254517,0.65,203,4926.047504091,1735673074.6795235,0.6593256592750549,-42.30540084838867,0.75
203,1.7237112522125244,0.7122495174407959,1.9285714285714284e-07,0.6508,-44.490135192871094,-44.42901611328125,-0.7218987345695496,0.00915922224521637,203,15.98463249206543,-50.21044158935547,-0.7310579419136047,0.65,204,4949.983579464,1735673098.6102202,0.7122495174407959,-51.314266204833984,0.5
204,1.8602858781814575,0.655707061290741,1.9107142857142854e-07,0.6269,-37.12132263183594,-28.470308303833008,-0.5007518529891968,0.08767183870077133,204,13.796566009521484,-32.06499481201172,-0.5884237289428711,0.66,205,4974.015513734,1735673122.6430435,0.655707061290741,-42.21839141845703,0.5
205,1.762539267539978,0.604407787322998,1.8928571428571426e-07,0.647,-47.96858215332031,-42.33293914794922,-0.4628794193267822,0.23201309144496918,205,16.898029327392578,-47.16473388671875,-0.6948924660682678,0.66,206,4998.387526063,1735673147.0206492,0.604407787322998,-54.091819763183594,0.5
206,2.187608242034912,0.5302800536155701,1.875e-07,0.5861,-44.56338119506836,-33.64154815673828,-0.48571616411209106,0.41575559973716736,206,14.904844284057617,-37.08224105834961,-0.901471734046936,0.66,207,5022.359461128,1735673170.9840965,0.5302800536155701,-50.49279022216797,0.75
207,1.9299724102020264,0.5873104333877563,1.8571428571428572e-07,0.6409,-46.69645690917969,-47.31182861328125,-0.4518107771873474,0.2244679033756256,207,17.11699676513672,-52.58671569824219,-0.6762786507606506,0.67,208,5046.639520334,1735673195.2723262,0.5873104333877563,-53.27360534667969,1.0
208,1.6162028312683105,0.6147662401199341,1.8392857142857144e-07,0.6803,-40.34299850463867,-39.004112243652344,-0.3905183970928192,0.22072133421897888,208,15.669414520263672,-43.564781188964844,-0.6112397313117981,0.67,209,5071.031477342,1735673219.6601083,0.6147662401199341,-45.49557876586914,0.5
209,1.931391716003418,0.7487552165985107,1.8214285714285714e-07,0.6882,-33.97191619873047,-32.9974365234375,-0.3663042187690735,-0.10797587037086487,209,14.064789772033691,-36.7305908203125,-0.2583283483982086,0.67,210,5095.419520827,1735673244.047845,0.7487552165985107,-37.94914245605469,0.0
210,1.6413062810897827,0.6426769495010376,1.8035714285714286e-07,0.666,-50.83554458618164,-46.09402847290039,-0.5098501443862915,0.15187996625900269,210,16.329456329345703,-51.281288146972656,-0.6617301106452942,0.68,211,5119.911475247,1735673268.533424,0.6426769495010376,-56.87822341918945,0.75
211,1.1650190353393555,0.5026755928993225,1.7857142857142858e-07,0.6371,-37.95634460449219,-31.618181228637695,-0.3448759913444519,0.46377432346343994,211,14.680804252624512,-36.02519607543945,-0.8086503148078918,0.68,212,5144.038887125,1735673292.7061608,0.5026755928993225,-43.87985610961914,1.0
212,1.734055757522583,0.793559193611145,1.767857142857143e-07,0.6624,-49.25577926635742,-52.47574996948242,-0.9466967582702637,-0.18376481533050537,212,17.837554931640625,-58.866966247558594,-0.7629319429397583,0.68,213,5168.227497632,1735673316.8504722,0.793559193611145,-56.475284576416016,0.25
213,1.5853855609893799,0.687951922416687,1.75e-07,0.6712,-42.80425262451172,-43.074127197265625,-0.5992010831832886,0.051549918949604034,213,16.616146087646484,-49.13526153564453,-0.650750994682312,0.69,214,5192.371540133,1735673340.995234,0.687951922416687,-49.584129333496094,0.25
214,2.14017391204834,0.7232775688171387,1.732142857142857e-07,0.676,-34.405601501464844,-35.437843322753906,-0.6401659846305847,-0.05776774138212204,214,14.997467994689941,-40.192115783691406,-0.5823982954025269,0.69,215,5216.54748283,1735673365.1811452,0.7232775688171387,-39.609832763671875,0.25
215,1.675692081451416,0.5826448798179626,1.7142857142857143e-07,0.618,-38.81721115112305,-30.316457748413086,-0.49578773975372314,0.2419009804725647,215,13.424147605895996,-33.85969543457031,-0.7376887202262878,0.69,216,5240.859578434,1735673389.4825943,0.5826448798179626,-44.09156036376953,1.0
216,1.6505045890808105,0.6071848273277283,1.6964285714285715e-07,0.685,-38.61756896972656,-39.57240295410156,-0.35541337728500366,0.20392245054244995,216,15.800694465637207,-44.5172119140625,-0.5593358278274536,0.7,217,5264.8836038,1735673413.5174518,0.6071848273277283,-43.886505126953125,0.75
217,1.9521207809448242,0.6564269065856934,1.6785714285714285e-07,0.6398,-51.330596923828125,-48.314231872558594,-0.6490808725357056,0.09907899051904678,217,17.703828811645508,-54.05712890625,-0.7481598258018494,0.7,218,5289.123503571,1735673437.7635963,0.6564269065856934,-58.429527282714844,0.5
218,1.5260525941848755,0.6860517263412476,1.6607142857142857e-07,0.6273,-48.463470458984375,-33.50043487548828,-0.44249895215034485,0.027173973619937897,218,16.257038116455078,-37.237281799316406,-0.46967294812202454,0.7,219,5313.375572578,1735673462.0083241,0.6860517263412476,-53.806114196777344,0.75
219,1.6573855876922607,0.591464102268219,1.6428571428571429e-07,0.6101,-50.6138916015625,-35.33220672607422,-0.5624998211860657,0.23825961351394653,219,15.86609935760498,-40.38911056518555,-0.8007594347000122,0.71,220,5337.527584098,1735673486.1517692,0.591464102268219,-57.568870544433594,0.75
220,1.5923534631729126,0.7232270240783691,1.625e-07,0.6891,-48.60078811645508,-45.59254455566406,-0.533285915851593,-0.025132030248641968,220,18.456907272338867,-50.450767517089844,-0.5081538558006287,0.71,221,5361.831564942,1735673510.4646084,0.7232270240783691,-53.74247741699219,0.75
221,1.8779350519180298,0.9887623190879822,1.6071428571428573e-07,0.7554,-41.16306686401367,-41.569557189941406,-0.9120504260063171,-0.46140533685684204,221,19.659351348876953,-47.24536895751953,-0.4506450891494751,0.71,222,5385.979542672,1735673534.6006758,0.9887623190879822,-46.21733856201172,0.25
222,1.763297438621521,0.5910443663597107,1.5892857142857142e-07,0.6631,-47.34288024902344,-48.13883590698242,-0.5393238067626953,0.26614320278167725,222,17.510969161987305,-53.6859245300293,-0.8054670095443726,0.71,223,5410.275560358,1735673558.9100242,0.5910443663597107,-53.77445602416992,0.5
223,1.8900372982025146,0.7629543542861938,1.5714285714285714e-07,0.6887,-46.508270263671875,-48.75122833251953,-0.47849616408348083,-0.10534746944904327,223,17.03416633605957,-52.78805160522461,-0.37314867973327637,0.72,224,5434.331525947,1735673582.9665375,0.7629543542861938,-50.869239807128906,0.5
224,1.7472243309020996,0.6146082878112793,1.5535714285714286e-07,0.6528,-37.46101379394531,-37.75517272949219,-0.33190131187438965,0.23053023219108582,224,15.1786527633667,-41.7109375,-0.5624315142631531,0.72,225,5458.603481538,1735673607.2289352,0.6146082878112793,-42.64356231689453,0.5
225,1.632620930671692,0.6472643613815308,1.5357142857142858e-07,0.6618,-45.808204650878906,-42.26934814453125,-0.5165388584136963,0.10907232761383057,225,15.777348518371582,-47.66010284423828,-0.6256111860275269,0.72,226,5483.031479054,1735673631.6561816,0.6472643613815308,-52.104103088378906,0.75
226,1.9540388584136963,0.5678660869598389,1.5178571428571427e-07,0.6772,-38.08720016479492,-33.51774215698242,-0.37734371423721313,0.31304892897605896,226,16.342071533203125,-37.72121047973633,-0.6903926134109497,0.73,227,5507.215559721,1735673655.8476446,0.5678660869598389,-42.90959548950195,0.75
227,1.3717440366744995,0.5781759023666382,1.5e-07,0.693,-51.190696716308594,-41.07271957397461,-0.42151010036468506,0.2595643997192383,227,17.592147827148438,-46.23289489746094,-0.6810744404792786,0.73,228,5531.263477704,1735673679.889959,0.5781759023666382,-56.581058502197266,0.75
228,1.9584569931030273,0.6244411468505859,1.4821428571428571e-07,0.6651,-42.17047882080078,-43.146629333496094,-0.5798602104187012,0.18109551072120667,228,16.203495025634766,-47.96581268310547,-0.7609556913375854,0.73,229,5555.663519187,1735673704.2985544,0.6244411468505859,-47.81097412109375,0.75
229,1.5375176668167114,0.6960824728012085,1.4642857142857143e-07,0.6664,-46.96515655517578,-37.85420227050781,-0.459530234336853,-4.8726797103881836e-05,229,15.276968955993652,-42.049232482910156,-0.45948147773742676,0.74,230,5579.667541346,1735673728.301526,0.6960824728012085,-51.99153137207031,0.5
230,1.6391019821166992,0.6266112327575684,1.4464285714285715e-07,0.6249,-53.69938659667969,-56.987003326416016,-0.5940824747085571,0.15346062183380127,230,17.835296630859375,-62.58662414550781,-0.7475430965423584,0.74,231,5603.919605002,1735673752.5479958,0.6266112327575684,-60.97001266479492,0.5
231,1.8750392198562622,0.6208103895187378,1.4285714285714285e-07,0.6598,-47.645713806152344,-44.62059020996094,-0.644189178943634,0.15457719564437866,231,17.06874656677246,-49.665794372558594,-0.7987663745880127,0.74,232,5628.263527286,1735673776.8858566,0.6208103895187378,-53.458160400390625,0.75
232,2.04636812210083,0.6248106956481934,1.4107142857142857e-07,0.5958,-50.78430938720703,-41.01178741455078,-0.6027429103851318,0.17189398407936096,232,16.360429763793945,-45.348079681396484,-0.7746369242668152,0.75,233,5652.463464273,1735673801.095361,0.6248106956481934,-57.354888916015625,0.5
233,1.9935945272445679,0.5485669374465942,1.392857142857143e-07,0.6894,-49.9030647277832,-44.32160949707031,-0.42300570011138916,0.36557674407958984,233,20.013824462890625,-50.31797790527344,-0.788582444190979,0.75,234,5676.723552707,1735673825.344381,0.5485669374465942,-56.414527893066406,0.75
234,1.5942351818084717,0.6123712658882141,1.375e-07,0.6243,-52.637901306152344,-37.8195915222168,-0.45583683252334595,0.18044617772102356,234,15.398195266723633,-42.75231170654297,-0.6362830400466919,0.75,235,5700.859554507,1735673849.4930568,0.6123712658882141,-59.19508743286133,0.5
235,1.630152940750122,0.6343954801559448,1.357142857142857e-07,0.694,-39.021484375,-41.170719146728516,-0.41240572929382324,0.1321442574262619,235,15.033098220825195,-45.97199630737305,-0.5445499420166016,0.76,236,5724.943571258,1735673873.5758698,0.6343954801559448,-44.108909606933594,0.5
236,1.4467028379440308,0.5738273859024048,1.3392857142857142e-07,0.6039,-45.775360107421875,-30.687435150146484,-0.3644791841506958,0.31651395559310913,236,14.373513221740723,-34.828956604003906,-0.6809931397438049,0.76,237,5749.235565824,1735673897.8639166,0.5738273859024048,-52.167274475097656,0.75
237,1.8941831588745117,0.6319985389709473,1.3214285714285714e-07,0.6592,-41.97321319580078,-37.7452392578125,-0.4448511004447937,0.12746936082839966,237,16.103635787963867,-41.26398849487305,-0.5723204612731934,0.76,238,5773.503485621,1735673922.126373,0.6319985389709473,-46.26284408569336,1.0
238,1.767833948135376,0.6424365043640137,1.3035714285714286e-07,0.6103,-51.71622085571289,-45.253623962402344,-0.5495865345001221,0.11750701069831848,238,19.066226959228516,-50.55664825439453,-0.6670935750007629,0.77,239,5797.763527344,1735673946.3955448,0.6424365043640137,-58.883888244628906,0.5
239,1.4802294969558716,0.7753010988235474,1.2857142857142855e-07,0.6703,-39.479087829589844,-43.597145080566406,-0.433656245470047,-0.15101903676986694,239,15.903790473937988,-48.52080154418945,-0.28263720870018005,0.77,240,5822.159550095,1735673970.782893,0.7753010988235474,-45.04833984375,0.25
240,2.184892416000366,0.6315190196037292,1.2678571428571427e-07,0.6767,-45.480777740478516,-52.70716857910156,-0.5574748516082764,0.13758914172649384,240,16.731651306152344,-58.16046905517578,-0.6950640082359314,0.77,241,5846.507527356,1735673995.1403022,0.6315190196037292,-51.419612884521484,0.75
241,2.3427178859710693,0.5427548289299011,1.25e-07,0.6607,-36.042354583740234,-33.4300422668457,-0.3855431079864502,0.3447376787662506,241,13.051559448242188,-37.3889274597168,-0.7302808165550232,0.78,242,5870.455554525,1735674019.084912,0.5427548289299011,-40.946659088134766,1.0
242,1.7511533498764038,0.5654410719871521,1.2321428571428571e-07,0.6557,-36.86766052246094,-32.298973083496094,-0.3254237771034241,0.3184683322906494,242,14.73894214630127,-36.36471176147461,-0.6438921093940735,0.78,243,5894.62757865,1735674043.253676,0.5654410719871521,-42.05225372314453,0.75
243,1.7345794439315796,0.8084264993667603,1.2142857142857143e-07,0.648,-44.66535568237305,-44.781982421875,-0.5809826850891113,-0.20683206617832184,243,16.711671829223633,-49.9776611328125,-0.3741506338119507,0.78,244,5918.871530584,1735674067.4959064,0.8084264993667603,-51.18212127685547,0.25
244,2.186955213546753,0.7602958679199219,1.1964285714285715e-07,0.7488,-51.777870178222656,-63.61107635498047,-1.111414909362793,-0.10091531276702881,244,20.715986251831055,-70.9598617553711,-1.0104995965957642,0.79,245,5943.18349266,1735674091.8123517,0.7602958679199219,-58.19683074951172,0.5
245,1.1822048425674438,0.636267900466919,1.1785714285714285e-07,0.6124,-41.803382873535156,-32.915374755859375,-0.34085261821746826,0.12034527212381363,245,14.13264274597168,-37.253700256347656,-0.4611978530883789,0.79,246,5967.327632471,1735674115.9516819,0.636267900466919,-48.016849517822266,1.0
246,1.5401376485824585,0.6626118421554565,1.1607142857142857e-07,0.6076,-59.21333312988281,-43.26308059692383,-0.48453664779663086,0.08401871472597122,246,17.19255256652832,-48.285377502441406,-0.5685553550720215,0.79,247,5991.611540119,1735674140.2461276,0.6626118421554565,-66.20641326904297,0.5
247,1.3981199264526367,0.611896276473999,1.1428571428571427e-07,0.5854,-45.83238983154297,-24.15443229675293,-0.3655968904495239,0.18386754393577576,247,14.338647842407227,-28.202125549316406,-0.5494644045829773,0.79,248,6015.575729151,1735674164.2086666,0.611896276473999,-52.448997497558594,0.75
248,1.3547438383102417,0.5814971327781677,1.125e-07,0.6151,-43.850433349609375,-26.586679458618164,-0.330654501914978,0.284908652305603,248,16.414161682128906,-30.183879852294922,-0.615563154220581,0.8,249,6039.595465632,1735674188.2269292,0.5814971327781677,-49.547855377197266,0.75
249,1.323254108428955,0.6711616516113281,1.107142857142857e-07,0.6503,-33.10558319091797,-35.10578155517578,-0.2313951700925827,0.05232546478509903,249,14.740286827087402,-38.63869094848633,-0.28372064232826233,0.8,250,6063.727492441,1735674212.3521056,0.6711616516113281,-37.70148468017578,0.5
250,1.629197597503662,0.6866801977157593,1.0892857142857142e-07,0.6423,-37.26350402832031,-36.01298522949219,-0.4496275782585144,0.05501706898212433,250,13.724542617797852,-40.93397903442383,-0.5046446323394775,0.8,251,6087.915537518,1735674236.5485425,0.6866801977157593,-43.43395233154297,0.5
251,1.5747437477111816,0.5901076793670654,1.0714285714285713e-07,0.6115,-46.62305450439453,-37.68456268310547,-0.427767813205719,0.22430193424224854,251,15.461250305175781,-41.925357818603516,-0.6520697474479675,0.81,252,6111.743479105,1735674260.3698707,0.5901076793670654,-52.74311447143555,1.0
252,1.5930794477462769,0.6244350075721741,1.0535714285714285e-07,0.6884,-42.3570556640625,-41.27281951904297,-0.254382461309433,0.14456544816493988,252,15.709882736206055,-46.014503479003906,-0.39894789457321167,0.81,253,6136.063542216,1735674284.69348,0.6244350075721741,-47.394466400146484,1.0
253,1.505275011062622,0.6010472774505615,1.0357142857142857e-07,0.5957,-58.181846618652344,-44.899932861328125,-0.5633454322814941,0.19630014896392822,253,16.062864303588867,-50.491424560546875,-0.7596456408500671,0.81,254,6160.275527665,1735674308.90985,0.6010472774505615,-66.00682067871094,1.0
254,2.349377155303955,0.5932995080947876,1.0178571428571428e-07,0.6058,-45.448463439941406,-35.73147964477539,-0.6785037517547607,0.2871403694152832,254,13.10001277923584,-40.06269836425781,-0.965644121170044,0.82,255,6184.539684862,1735674333.1629925,0.5932995080947876,-51.92192840576172,0.5
255,1.3621381521224976,0.7035894989967346,1e-07,0.6249,-45.637184143066406,-27.041004180908203,-0.595854640007019,-0.00832211971282959,255,14.136462211608887,-31.407808303833008,-0.5875325202941895,0.82,256,6208.763483218,1735674357.3872626,0.7035894989967346,-51.618080139160156,0.5
256,1.8685377836227417,0.7202739715576172,9.82142857142857e-08,0.6542,-38.704612731933594,-34.0421142578125,-0.685674786567688,-0.03656388819217682,256,14.735918045043945,-39.1418342590332,-0.6491109132766724,0.82,257,6232.691530044,1735674381.3238003,0.7202739715576172,-44.91859436035156,0.5
257,1.8834820985794067,0.7437512278556824,9.642857142857142e-08,0.6353,-32.32600402832031,-38.02579879760742,-0.6560863256454468,-0.08722278475761414,257,14.967602729797363,-42.72343063354492,-0.568863570690155,0.83,258,6257.127566897,1735674405.7528446,0.7437512278556824,-38.4035530090332,0.25
258,1.9876788854599,0.5603236556053162,9.464285714285713e-08,0.6666,-48.316410064697266,-40.0648193359375,-0.5897897481918335,0.32105255126953125,258,16.468124389648438,-45.69994354248047,-0.9108422994613647,0.83,259,6281.287480791,1735674429.9221122,0.5603236556053162,-54.875728607177734,0.75
259,1.5811176300048828,0.7832237482070923,9.285714285714286e-08,0.7331,-47.14007568359375,-48.310062408447266,-0.5300400257110596,-0.15519437193870544,259,18.773183822631836,-55.84328079223633,-0.37484562397003174,0.83,260,6305.351514849,1735674453.983708,0.7832237482070923,-54.205047607421875,0.5
260,1.7992678880691528,0.6141656637191772,9.107142857142857e-08,0.6379,-45.599365234375,-39.0391845703125,-0.3681154251098633,0.16660957038402557,260,16.06488800048828,-43.33531188964844,-0.53472501039505,0.84,261,6329.503487782,1735674478.125391,0.6141656637191772,-51.319847106933594,1.0
261,2.0978763103485107,0.5733969211578369,8.928571428571429e-08,0.6186,-44.34735107421875,-34.749176025390625,-0.3358651399612427,0.2985546588897705,261,15.244002342224121,-39.138702392578125,-0.6344197988510132,0.84,262,6353.551515912,1735674502.176223,0.5733969211578369,-50.45447540283203,0.75
262,1.980800747871399,0.5580467581748962,8.75e-08,0.6048,-49.601043701171875,-40.4707145690918,-0.6151586771011353,0.30702731013298035,262,17.252660751342773,-45.99609375,-0.922186017036438,0.84,263,6377.723542824,1735674526.3554368,0.5580467581748962,-57.19943618774414,0.75
263,1.5816962718963623,0.6098005771636963,8.571428571428572e-08,0.6378,-36.2697639465332,-31.241008758544922,-0.276361346244812,0.17485889792442322,263,13.976892471313477,-35.445762634277344,-0.45122021436691284,0.85,264,6401.645300928,1735674550.312603,0.6098005771636963,-41.72369384765625,1.0
264,1.381751537322998,0.5838553309440613,8.392857142857142e-08,0.6648,-54.23424530029297,-39.381534576416016,-0.40112733840942383,0.2571159601211548,264,16.571083068847656,-44.85652542114258,-0.6582432985305786,0.85,265,6425.999518097,1735674574.630365,0.5838553309440613,-60.71526336669922,0.75
265,1.7444758415222168,0.9029176235198975,8.214285714285714e-08,0.7165,-44.912353515625,-45.21641540527344,-0.9355928897857666,-0.30059391260147095,265,19.141847610473633,-51.7978515625,-0.6349989175796509,0.85,266,6450.175482021,1735674598.8104029,0.9029176235198975,-51.59022521972656,0.25
266,1.4268319606781006,0.6794774532318115,8.035714285714286e-08,0.6547,-42.036354064941406,-27.497467041015625,-0.44236892461776733,0.033795762807130814,266,14.655196189880371,-32.1568603515625,-0.47616469860076904,0.86,267,6474.290852498,1735674622.9113665,0.6794774532318115,-47.70069885253906,0.25
267,2.157829761505127,0.6715712547302246,7.857142857142857e-08,0.67,-35.78544616699219,-40.47962951660156,-0.6523023843765259,0.04627111181616783,267,15.380346298217773,-45.821815490722656,-0.6985735297203064,0.86,268,6498.267526672,1735674646.889256,0.6715712547302246,-41.69538497924805,0.5
268,1.5491000413894653,0.7565716505050659,7.678571428571429e-08,0.6437,-40.634742736816406,-42.234336853027344,-0.5227943658828735,-0.1048310250043869,268,15.595720291137695,-46.48704528808594,-0.41796332597732544,0.86,269,6522.395473674,1735674671.0276456,0.7565716505050659,-46.07246398925781,0.5
269,1.5992623567581177,0.5382938385009766,7.5e-08,0.5911,-41.9095458984375,-29.86245346069336,-0.48774510622024536,0.35984402894973755,269,14.101832389831543,-34.64740753173828,-0.8475891351699829,0.87,270,6546.531494774,1735674695.1602392,0.5382938385009766,-49.084938049316406,0.75
270,1.742419958114624,0.8030656576156616,7.321428571428572e-08,0.6767,-39.008941650390625,-31.26380157470703,-0.5325393080711365,-0.16948258876800537,270,14.074243545532227,-35.24356460571289,-0.3630567193031311,0.87,271,6570.527485848,1735674719.160807,0.8030656576156616,-43.67494201660156,0.25
271,2.0065197944641113,0.7341468334197998,7.142857142857142e-08,0.6063,-50.10983657836914,-38.79434585571289,-0.7954738140106201,-0.0618504136800766,271,14.487226486206055,-43.874488830566406,-0.7336234450340271,0.87,272,6594.563526579,1735674743.1954439,0.7341468334197998,-57.34494400024414,0.5
272,1.9321012496948242,0.6286131143569946,6.964285714285714e-08,0.704,-44.24524688720703,-43.25379943847656,-0.6048934459686279,0.16570428013801575,272,16.723878860473633,-49.173561096191406,-0.7705977559089661,0.88,273,6618.699546625,1735674767.3205016,0.6286131143569946,-50.242347717285156,0.75
273,1.8393285274505615,0.6726969480514526,6.785714285714285e-08,0.6343,-46.60629653930664,-46.19720458984375,-0.5449104309082031,0.049774907529354095,273,16.93588638305664,-51.71902847290039,-0.5946853160858154,0.88,274,6642.887542172,1735674791.5097132,0.6726969480514526,-53.51849365234375,0.5
274,2.0291361808776855,0.7293258905410767,6.607142857142857e-08,0.662,-49.13655090332031,-45.979026794433594,-0.9439795017242432,-0.06417028605937958,274,16.15862274169922,-52.61894607543945,-0.8798092603683472,0.88,275,6666.991589029,1735674815.6241443,0.7293258905410767,-56.482906341552734,0.5
275,1.8912172317504883,0.7507959604263306,6.428571428571428e-08,0.7523,-38.849143981933594,-43.005340576171875,-0.5504018068313599,-0.05774732679128647,275,17.07421875,-48.2896728515625,-0.4926545023918152,0.88,276,6691.175506734,1735674839.7969675,0.7507959604263306,-43.21682357788086,0.5
276,1.7427750825881958,0.5946906805038452,6.25e-08,0.651,-38.94562530517578,-31.569507598876953,-0.5654705166816711,0.23914816975593567,276,13.899270057678223,-36.6992301940918,-0.8046187162399292,0.89,277,6715.367463216,1735674864.0014412,0.5946906805038452,-45.17228698730469,1.0
277,1.849269151687622,0.5648924708366394,6.071428571428572e-08,0.6001,-49.820556640625,-52.35370635986328,-0.575427770614624,0.3294180631637573,277,16.852706909179688,-56.446441650390625,-0.9048458933830261,0.89,278,6739.69954315,1735674888.3291636,0.5648924708366394,-56.15801239013672,0.75
278,1.3944698572158813,0.6400823593139648,5.8928571428571424e-08,0.681,-47.10699462890625,-35.23436737060547,-0.5277053713798523,0.11433835327625275,278,16.67911148071289,-40.660362243652344,-0.6420437097549438,0.89,279,6764.127597371,1735674912.7505045,0.6400823593139648,-52.92961502075195,0.5
279,1.8106850385665894,0.7491384744644165,5.714285714285714e-08,0.6496,-48.33989715576172,-34.66062545776367,-0.5308581590652466,-0.07563089579343796,279,14.985159873962402,-39.75757598876953,-0.455227255821228,0.9,280,6788.387502882,1735674937.0155063,0.7491384744644165,-54.61002731323242,0.5
280,1.505859613418579,0.6133198738098145,5.535714285714285e-08,0.6441,-46.71091079711914,-40.14696502685547,-0.3036879003047943,0.1687978059053421,280,16.509538650512695,-44.70072555541992,-0.4724857211112976,0.9,281,6812.422666008,1735674961.089929,0.6133198738098145,-52.41935729980469,1.0
281,1.3456451892852783,0.5576943755149841,5.3571428571428564e-08,0.6198,-36.683189392089844,-26.72726821899414,-0.21661920845508575,0.294869989156723,281,13.916671752929688,-30.661218643188477,-0.51148921251297,0.9,282,6836.471471593,1735674985.0997977,0.5576943755149841,-42.5217170715332,1.0
282,1.396360158920288,0.5279332399368286,5.1785714285714284e-08,0.5434,-55.07484436035156,-35.40474319458008,-0.4690689444541931,0.3895034193992615,282,14.586907386779785,-38.64805603027344,-0.8585724234580994,0.91,283,6861.127477569,1735675009.7526278,0.5279332399368286,-61.79071044921875,0.75
283,1.5224195718765259,0.6920555830001831,5e-08,0.5659,-53.302940368652344,-39.02937316894531,-0.46689534187316895,0.028979726135730743,283,15.379603385925293,-44.42334747314453,-0.4958750605583191,0.91,284,6885.351624696,1735675034.0188844,0.6920555830001831,-61.71147155761719,0.5
284,2.1193687915802,0.6227633953094482,4.821428571428571e-08,0.6832,-44.448917388916016,-33.23453903198242,-0.28636634349823,0.15653085708618164,284,16.610536575317383,-37.823455810546875,-0.4428972005844116,0.91,285,6909.511471897,1735675058.1323464,0.6227633953094482,-49.376136779785156,0.75
285,1.1050883531570435,0.5264320373535156,4.642857142857143e-08,0.6247,-35.21156311035156,-36.316768646240234,-0.18256479501724243,0.3895750045776367,285,14.414027214050293,-40.681644439697266,-0.5721397995948792,0.92,286,6933.659584015,1735675082.2871163,0.5264320373535156,-41.29149627685547,1.0
286,2.0882411003112793,0.6587732434272766,4.4642857142857145e-08,0.6182,-52.507102966308594,-46.64488220214844,-0.8327889442443848,0.09183132648468018,286,16.74683380126953,-51.9843864440918,-0.9246202707290649,0.92,287,6958.023541927,1735675106.6550605,0.6587732434272766,-59.61079788208008,0.5
287,1.5090405941009521,0.6664986610412598,4.285714285714286e-08,0.6267,-44.10849380493164,-35.5609016418457,-0.4746811091899872,0.08085542172193527,287,15.032011032104492,-39.933685302734375,-0.5555365085601807,0.92,288,6982.383486309,1735675131.0064921,0.6664986610412598,-50.06808853149414,0.75
288,2.50492000579834,1.0051007270812988,4.107142857142857e-08,0.6636,-54.324554443359375,-39.00116729736328,-1.400367259979248,-0.4869258403778076,288,17.78618812561035,-45.81904983520508,-0.9134414196014404,0.93,289,7006.679503234,1735675155.313386,1.0051007270812988,-62.37409210205078,0.25
289,1.6170518398284912,0.6623443961143494,3.9285714285714285e-08,0.65,-34.11564636230469,-30.008689880371094,-0.44691216945648193,0.0742085874080658,289,13.685832023620605,-33.54125213623047,-0.5211207866668701,0.93,290,7030.875449574,1735675179.5080347,0.6623443961143494,-38.67884063720703,0.5
290,1.58054518699646,0.6228952407836914,3.75e-08,0.6508,-44.03594207763672,-40.23044967651367,-0.3171868920326233,0.15104147791862488,290,16.91060447692871,-45.254173278808594,-0.46822839975357056,0.93,291,7055.116121496,1735675203.7834058,0.6228952407836914,-50.058082580566406,0.75
291,2.186753273010254,0.7678883075714111,3.571428571428571e-08,0.6287,-43.63048553466797,-40.68101501464844,-0.6697726845741272,-0.130846306681633,291,17.17552947998047,-45.46525573730469,-0.538926362991333,0.94,292,7079.211460629,1735675227.834308,0.7678883075714111,-50.156890869140625,0.25
292,1.452339768409729,0.766227126121521,3.3928571428571425e-08,0.6878,-40.08211898803711,-34.757164001464844,-0.48432111740112305,-0.1389564424753189,292,16.315725326538086,-39.82210922241211,-0.34536466002464294,0.94,293,7103.431517113,1735675252.0639715,0.766227126121521,-45.41062927246094,0.0
293,1.644800066947937,0.5122659802436829,3.214285714285714e-08,0.5627,-42.30785369873047,-38.60443878173828,-0.26589736342430115,0.4240645170211792,293,14.900450706481934,-43.63636779785156,-0.6899619102478027,0.94,294,7127.655544265,1735675276.2773535,0.5122659802436829,-50.39080810546875,1.0
294,1.8771226406097412,0.7282892465591431,3.035714285714286e-08,0.6262,-52.88201141357422,-49.39208221435547,-0.5539228916168213,-0.060597993433475494,294,15.881282806396484,-54.964805603027344,-0.4933249056339264,0.95,295,7152.011506934,1735675300.6454053,0.7282892465591431,-60.095184326171875,0.5
295,2.0418691635131836,0.7655511498451233,2.857142857142857e-08,0.6906,-36.512184143066406,-46.44310760498047,-0.47899869084358215,-0.13505291938781738,295,16.964502334594727,-50.8354606628418,-0.34394577145576477,0.95,296,7176.363489092,1735675324.9984167,0.7655511498451233,-41.179962158203125,0.25
296,1.5099596977233887,0.6798022389411926,2.6785714285714282e-08,0.6317,-41.04545593261719,-37.09427261352539,-0.6037603616714478,0.031431637704372406,296,15.411360740661621,-41.973167419433594,-0.6351920366287231,0.95,297,7200.435485735,1735675349.0657802,0.6798022389411926,-47.41582107543945,0.5
297,1.7236164808273315,0.6317840814590454,2.5e-08,0.6739,-38.7596435546875,-33.681705474853516,-0.5168240070343018,0.16762816905975342,297,14.499706268310547,-38.3071403503418,-0.6844521760940552,0.96,298,7224.63146232,1735675373.2528014,0.6317840814590454,-43.95802307128906,0.75
298,1.8061156272888184,0.653976559638977,2.3214285714285716e-08,0.6702,-36.407798767089844,-30.919105529785156,-0.38965827226638794,0.09182285517454147,298,15.404052734375,-35.21823501586914,-0.48148113489151,0.96,299,7248.743471291,1735675397.3765097,0.653976559638977,-41.336021423339844,0.75
299,2.1385107040405273,0.4794555902481079,2.142857142857143e-08,0.6219,-48.616966247558594,-37.971458435058594,-0.5355995893478394,0.5143945813179016,299,15.614047050476074,-43.22277069091797,-1.0499942302703857,0.96,300,7272.871456213,1735675421.4964876,0.4794555902481079,-55.718528747558594,1.0
300,1.5761418342590332,0.6675918102264404,1.9642857142857142e-08,0.6652,-45.38900375366211,-33.36868667602539,-0.4072394073009491,0.06637091934680939,300,15.033242225646973,-37.99568176269531,-0.4736103415489197,0.96,301,7297.195450968,1735675445.8272932,0.6675918102264404,-50.83935546875,0.5
301,2.2090630531311035,0.5646610260009766,1.7857142857142856e-08,0.6535,-46.0689697265625,-36.03114318847656,-0.6691958904266357,0.2953421175479889,301,15.725258827209473,-42.7255859375,-0.9645379781723022,0.97,302,7321.343490849,1735675469.9765265,0.5646610260009766,-53.7264404296875,0.75
302,1.6557646989822388,0.7284228205680847,1.607142857142857e-08,0.6909,-42.04678726196289,-39.86078643798828,-0.779750406742096,0.0211544968187809,302,18.202856063842773,-45.69967269897461,-0.8009048700332642,0.97,303,7345.471472621,1735675494.104948,0.7284228205680847,-48.399932861328125,0.5
303,1.3741536140441895,0.5132640600204468,1.4285714285714284e-08,0.657,-42.36887741088867,-41.056304931640625,-0.3830883204936981,0.4218367040157318,303,16.310211181640625,-46.30521011352539,-0.8049250245094299,0.97,304,7369.691555178,1735675518.3142226,0.5132640600204468,-48.57426834106445,1.0
304,1.6406817436218262,0.6208385229110718,1.25e-08,0.6521,-37.070770263671875,-34.8565673828125,-0.4247346520423889,0.1652439832687378,304,14.464473724365234,-39.648597717285156,-0.5899786353111267,0.98,305,7393.795477644,1735675542.423377,0.6208385229110718,-42.96833038330078,0.75
305,2.18994140625,0.6056045293807983,1.0714285714285715e-08,0.6556,-58.155765533447266,-42.40460968017578,-0.6674221158027649,0.18726423382759094,305,18.512792587280273,-48.38775634765625,-0.8546863198280334,0.98,306,7418.131479148,1735675566.7556825,0.6056045293807983,-65.17015838623047,1.0
306,1.6152708530426025,0.4919225573539734,8.928571428571428e-09,0.5931,-51.56419372558594,-27.59798240661621,-0.5360364317893982,0.5200774669647217,306,15.46326732635498,-31.869991302490234,-1.056113839149475,0.98,307,7442.343486789,1735675590.9768472,0.4919225573539734,-58.45296859741211,0.75
307,1.7583109140396118,0.6090381145477295,7.142857142857142e-09,0.5759,-44.303184509277344,-35.399627685546875,-0.38802385330200195,0.24365529417991638,307,14.774855613708496,-39.58335494995117,-0.631679117679596,0.99,308,7466.511467207,1735675615.1447127,0.6090381145477295,-51.4442024230957,0.75
308,2.2047133445739746,0.8544681072235107,5.357142857142857e-09,0.73,-39.35078430175781,-38.76402282714844,-0.6642536520957947,-0.27403485774993896,308,17.237770080566406,-44.34720230102539,-0.3902187943458557,0.99,309,7490.795515359,1735675639.4286394,0.8544681072235107,-44.436378479003906,0.25
309,1.6956754922866821,0.5782381892204285,3.571428571428571e-09,0.6577,-36.30412673950195,-32.39478302001953,-0.34478244185447693,0.2634991407394409,309,13.831900596618652,-36.63999938964844,-0.6082816123962402,0.99,310,7514.831472539,1735675663.4589796,0.5782381892204285,-41.55249786376953,0.75
310,1.8141459226608276,0.5976784229278564,1.7857142857142855e-09,0.6239,-38.63274383544922,-35.11206817626953,-0.4869849681854248,0.20431791245937347,310,16.143918991088867,-39.60908508300781,-0.6913028955459595,1.0,311,7539.254020767,1735675687.8832235,0.5976784229278564,-44.7012939453125,1.0
311,1.4300991296768188,0.6154599785804749,0.0,0.6436,-39.063758850097656,-29.14109230041504,-0.4155617952346802,0.17261727154254913,311,15.283478736877441,-33.24529266357422,-0.5881791114807129,1.0,312,7564.259590435,1735675712.8854797,0.6154599785804749,-44.370853424072266,0.75
312,,,,,,,,,312,,,,1.0,312,7564.259697116,1735675712.8878412,,,
