,train/losses/dpo,_step,train/rewards/accuracies,train/logps/rejected,train/losses/total,_runtime,train/loss,train/grad_norm,train/ref_logps/chosen,train/rewards/margins,train/learning_rate,train/epoch,train/logps/chosen,train/rewards/chosen,train/losses/sft,train/ref_logps/rejected,_timestamp,train/rewards/rejected,train/global_step
0,0.6931471824645996,0,0.0,-49.44258117675781,0.6931471824645996,51.20089054107666,0.6931,8.651901259333195,-38.33932113647461,0.0,4.716981132075472e-09,0.0,-38.33932113647461,0.0,1.3650285005569458,-49.44258117675781,1740746369.4656537,0.0,1
1,0.6931471824645996,1,0.0,-42.78281784057617,0.6931471824645996,89.05395984649658,0.6931,7.663663674946072,-39.24624252319336,0.0,9.433962264150943e-09,0.01,-39.24624252319336,0.0,1.708957552909851,-42.78281784057617,1740746407.318723,0.0,2
2,0.6905181407928467,2,0.5625,-39.91469192504883,0.6905181407928467,127.06784415245056,0.6934,7.1888489120118555,-33.916683197021484,0.00548146665096283,1.4150943396226414e-08,0.01,-33.90507507324219,0.005773564800620079,1.5458282232284546,-39.92974090576172,1740746445.3326073,0.0002920980332419276,3
3,0.6958999633789062,3,0.4375,-39.153564453125,0.6958999633789062,165.3536491394043,0.6931,7.076828789350331,-36.93994140625,-0.005291455890983343,1.8867924528301887e-08,0.02,-36.93888854980469,-0.0033898772671818733,1.3418632745742798,-39.15338134765625,1740746483.6184123,0.0019015786238014698,4
4,0.6951646208763123,4,0.4375,-47.60390090942383,0.6951646208763123,204.29513478279114,0.6943,8.201105974872583,-42.01076889038086,-0.003961241338402033,2.3584905660377358e-08,0.02,-42.00843811035156,-0.0022834953851997852,1.41912841796875,-47.62842559814453,1740746522.559898,0.0016777454875409603,5
5,0.690898060798645,5,0.5625,-41.475040435791016,0.690898060798645,242.7836790084839,0.6951,7.109227475262038,-36.856998443603516,0.004637858364731073,2.830188679245283e-08,0.02,-36.85618209838867,0.005550381261855364,1.4648219347000122,-41.51336669921875,1740746561.0484421,0.000912523246370256,6
6,0.6951605677604675,6,0.4375,-41.512535095214844,0.6951605677604675,281.55936765670776,0.6927,8.378017054832894,-34.956504821777344,-0.003942703828215599,3.30188679245283e-08,0.03,-34.97587585449219,-0.004589128773659468,1.3824725151062012,-41.48383331298828,1740746599.8241308,-0.0006464244215749204,7
7,0.6921035051345825,7,0.5625,-40.17878723144531,0.6921035051345825,320.3941822052002,0.6938,7.371620494866949,-35.57101821899414,0.0022026312071830034,3.7735849056603774e-08,0.03,-35.56526184082031,0.0014695602003484964,1.429457664489746,-40.19529342651367,1740746638.6589453,-0.0007330714724957943,8
8,0.6943163275718689,8,0.3125,-39.014244079589844,0.6943163275718689,359.0893397331238,0.6946,6.9747400705721105,-33.19509506225586,-0.002236250089481473,4.245283018867924e-08,0.03,-33.21167755126953,-0.002673104405403137,1.3114420175552368,-39.026588439941406,1740746677.3541028,-0.00043685431592166424,9
9,0.6902487874031067,9,0.5625,-41.73774337768555,0.6902487874031067,397.78820610046387,0.691,7.467366483349922,-37.1092414855957,0.005943181924521923,4.7169811320754715e-08,0.04,-37.11495590209961,0.0022079527843743563,1.4741909503936768,-41.68783187866211,1740746716.0529692,-0.0037352293729782104,10
10,0.6928112506866455,10,0.4375,-42.66669845581055,0.6928112506866455,436.48498916625977,0.693,7.2996459002644745,-33.06074905395508,0.0007713674567639828,5.1886792452830186e-08,0.04,-33.05148696899414,-0.000663211802020669,1.2335306406021118,-42.671409606933594,1740746754.7497523,-0.0014345792587846518,11
11,0.6948007345199585,11,0.375,-42.02629852294922,0.6948007345199585,475.35824513435364,0.6927,7.766691863987283,-41.103004455566406,-0.0032338739838451147,5.660377358490566e-08,0.05,-41.115875244140625,-0.00950518250465393,1.3865818977355957,-42.00366973876953,1740746793.6230083,-0.00627130875363946,12
12,0.6959766149520874,12,0.5,-45.460025787353516,0.6959766149520874,514.1196029186249,0.6945,7.849713286165966,-36.37060546875,-0.005380852147936821,6.132075471698113e-08,0.05,-36.41025924682617,-0.005271035712212324,1.371255874633789,-45.446556091308594,1740746832.384366,0.0001098158536478877,13
13,0.6911822557449341,13,0.6875,-39.559356689453125,0.6911822557449341,552.9492199420929,0.6921,7.595567543848841,-40.53384017944336,0.004128485918045044,6.60377358490566e-08,0.05,-40.538124084472656,0.001346004195511341,1.3050079345703125,-39.53199768066406,1740746871.213983,-0.0027824819553643465,14
14,0.688133955001831,14,0.6875,-37.85126876831055,0.688133955001831,591.7075552940369,0.6897,7.088318819196441,-35.960330963134766,0.01010209135711193,7.075471698113207e-08,0.06,-35.94511032104492,-0.000966030522249639,1.2952561378479004,-37.79718017578125,1740746909.9723184,-0.011068122461438179,15
15,0.6914875507354736,15,0.5625,-44.47618865966797,0.6914875507354736,630.6721408367157,0.6947,7.5112794903507885,-39.55061340332031,0.0035624410957098007,7.547169811320755e-08,0.06,-39.546268463134766,0.0035905747208744287,1.4178996086120605,-44.51036834716797,1740746948.936904,2.813315950334072e-05,16
16,0.6951000690460205,16,0.4375,-39.810081481933594,0.6951000690460205,669.286420583725,0.6938,7.202901637869867,-30.984031677246094,-0.003761040046811104,8.018867924528301e-08,0.06,-30.98035430908203,-0.005346148274838924,1.5479689836502075,-39.825252532958984,1740746987.5511837,-0.0015851082280278206,17
17,0.6932845115661621,17,0.5625,-40.816925048828125,0.6932845115661621,708.1539089679718,0.6942,8.074495905463733,-32.33827209472656,-0.0001884013181552291,8.490566037735848e-08,0.07,-32.35426330566406,0.0011884719133377075,1.2232836484909058,-40.82122802734375,1740747026.418672,0.0013768732314929366,18
18,0.6899680495262146,18,0.625,-45.26093292236328,0.6899680495262146,746.9555130004883,0.6914,7.506666349848577,-39.45240783691406,0.00653395801782608,8.962264150943395e-08,0.07,-39.427459716796875,0.0032481360249221325,1.3494107723236084,-45.25022506713867,1740747065.220276,-0.003285821992903948,19
19,0.6935056447982788,19,0.5,-44.4908332824707,0.6935056447982788,785.7886481285095,0.6924,7.982729608920064,-41.607215881347656,-0.0006454035174101591,9.433962264150943e-08,0.08,-41.619415283203125,0.0006727530853822827,1.3752626180648804,-44.46255874633789,1740747104.0534112,0.0013181569520384073,20
20,0.6907577514648438,20,0.625,-37.72782897949219,0.6907577514648438,824.492847442627,0.6913,7.460541199053705,-37.38886642456055,0.00488052424043417,9.905660377358491e-08,0.08,-37.362510681152344,0.0015750289894640446,1.3213976621627808,-37.717079162597656,1740747142.7576106,-0.003305495250970125,21
21,0.6951595544815063,21,0.4375,-42.756019592285156,0.6951595544815063,862.8464210033417,0.6951,8.324512355606736,-34.60760498046875,-0.003940430469810963,1.0377358490566037e-07,0.08,-34.64058303833008,-0.00492742657661438,1.5537922382354736,-42.75975799560547,1740747181.1111841,-0.0009869961068034172,22
22,0.6931741833686829,22,0.5,-46.69824981689453,0.6931741833686829,901.2692413330078,0.6946,7.7180055135775785,-33.66696548461914,4.974298644810915e-05,1.0849056603773585e-07,0.09,-33.702449798583984,-0.003004390047863126,1.079708456993103,-46.689937591552734,1740747219.5340044,-0.003054132917895913,23
23,0.6910552978515625,23,0.5625,-40.91145706176758,0.6910552978515625,939.8738729953766,0.6914,7.550352302445778,-37.783573150634766,0.004342038184404373,1.1320754716981131e-07,0.09,-37.766666412353516,0.0028290809132158756,1.536374807357788,-40.890830993652344,1740747258.138636,-0.0015129565726965666,24
24,0.6915932297706604,24,0.5625,-45.72179412841797,0.6915932297706604,978.442608833313,0.6921,7.426304357824294,-41.62207794189453,0.003289276035502553,1.1792452830188679e-07,0.09,-41.621803283691406,-0.0032400579657405615,1.5371203422546387,-45.69932556152344,1740747296.707372,-0.0065293340012431145,25
25,0.6906605958938599,25,0.4375,-46.80425262451172,0.6906605958938599,1017.2492907047272,0.694,7.984800906451065,-41.43170166015625,0.005074301268905401,1.2264150943396226e-07,0.1,-41.46610641479492,-0.005090880673378706,1.4824557304382324,-46.785316467285156,1740747335.5140538,-0.010165181942284107,26
26,0.6961319446563721,26,0.4375,-42.86912536621094,0.6961319446563721,1056.0274765491486,0.6977,7.4499468675004,-36.15427017211914,-0.005879561882466078,1.2735849056603773e-07,0.1,-36.20683670043945,-0.004647878929972649,1.4198428392410278,-42.906982421875,1740747374.2922397,0.0012316824868321419,27
27,0.6924176812171936,27,0.5,-39.58045959472656,0.6924176812171936,1095.0205488204956,0.6939,7.6368531582238735,-33.83900451660156,0.00156401377171278,1.320754716981132e-07,0.11,-33.84236526489258,-0.0025346516631543636,1.3947887420654297,-39.59151840209961,1740747413.285312,-0.004098665900528431,28
28,0.6921125054359436,28,0.5,-39.193546295166016,0.6921125054359436,1133.8338644504547,0.6935,7.36675473341922,-38.37993621826172,0.0022447286173701286,1.3679245283018866e-07,0.11,-38.404640197753906,-0.003769999835640192,1.2961418628692627,-39.174861907958984,1740747452.0986276,-0.006014728453010321,29
29,0.6959179639816284,29,0.5625,-43.757179260253906,0.6959179639816284,1172.551463842392,0.6934,7.209682944782069,-36.41795349121094,-0.005389105994254351,1.4150943396226414e-07,0.11,-36.42942428588867,-0.0020093917846679688,1.2855511903762817,-43.74944305419922,1740747490.816227,0.003379714209586382,30
30,0.6930191516876221,30,0.4375,-43.19891357421875,0.6930191516876221,1211.3514268398285,0.6934,7.9472281081206475,-35.40787887573242,0.0005584787577390671,1.4622641509433962e-07,0.12,-35.4263801574707,0.0006232275627553463,1.2532753944396973,-43.18350601196289,1740747529.61619,6.47486886009574e-05,31
31,0.6949013471603394,31,0.5,-39.672340393066406,0.6949013471603394,1250.0765702724457,0.693,7.4016573771411345,-37.92434310913086,-0.0033016796223819256,1.509433962264151e-07,0.12,-37.97474670410156,-0.0069137574173510075,1.3893500566482544,-39.61725616455078,1740747568.3413334,-0.0036120775621384382,32
32,0.6976300477981567,32,0.3125,-49.1617317199707,0.6976300477981567,1289.2122373580933,0.6941,7.809328296973361,-37.86188507080078,-0.008839471265673637,1.5566037735849055e-07,0.12,-37.888328552246094,-0.005357688758522272,1.5908693075180054,-49.152801513671875,1740747607.4770005,0.0034817818086594343,33
33,0.6938670873641968,33,0.4375,-41.606292724609375,0.6938670873641968,1327.8720171451569,0.6936,8.0192442926214,-33.531822204589844,-0.001251480309292674,1.6037735849056602e-07,0.13,-33.57775115966797,0.0017732519190758467,1.3555188179016113,-41.56782150268555,1740747646.1367803,0.0030247317627072334,34
34,0.6977183222770691,34,0.4375,-41.8859748840332,0.6977183222770691,1366.6163413524628,0.6972,7.749374417520743,-38.980491638183594,-0.00905728992074728,1.650943396226415e-07,0.13,-39.082275390625,-0.014900158159434795,1.4884718656539917,-41.86309051513672,1740747684.8811045,-0.005842867773026228,35
35,0.693981409072876,35,0.5,-47.68040084838867,0.693981409072876,1405.2549076080322,0.6929,8.111452919423998,-40.71754455566406,-0.0014701670734211802,1.6981132075471695e-07,0.14,-40.79204177856445,-0.009453208185732365,1.4129003286361694,-47.59840393066406,1740747723.5196707,-0.007983040995895863,36
36,0.6960328221321106,36,0.4375,-43.854209899902344,0.6960328221321106,1443.9764957427979,0.6947,8.159119315522346,-37.0367431640625,-0.005722774658352137,1.7452830188679243e-07,0.14,-37.110206604003906,-0.008318989537656307,1.3385372161865234,-43.80962371826172,1740747762.2412589,-0.0025962144136428833,37
37,0.6876529455184937,37,0.75,-42.99943923950195,0.6876529455184937,1482.8782901763916,0.6904,7.123920836697324,-36.06943130493164,0.011225090362131596,1.792452830188679e-07,0.14,-36.085716247558594,0.00048447679728269577,1.5355640649795532,-42.92690658569336,1740747801.1430533,-0.0107406135648489,38
38,0.6951287388801575,38,0.375,-44.53858184814453,0.6951287388801575,1521.9904825687408,0.6922,7.732720959890132,-40.29362487792969,-0.0037595927715301514,1.8396226415094338e-07,0.15,-40.38036346435547,-0.011435753665864468,1.5792487859725952,-44.431087493896484,1740747840.2552457,-0.007676160428673029,39
39,0.6989067196846008,39,0.3125,-48.251319885253906,0.6989067196846008,1560.942037820816,0.6961,8.47271981742776,-42.114051818847656,-0.011401593685150146,1.8867924528301886e-07,0.15,-42.242977142333984,-0.017428327351808548,1.5113725662231445,-48.18022155761719,1740747879.206801,-0.006026733200997114,40
40,0.6918459534645081,40,0.5,-39.87380599975586,0.6918459534645081,1599.4507296085358,0.692,7.672084339800539,-36.219146728515625,0.002693379297852516,1.9339622641509434e-07,0.15,-36.33808517456055,-0.011677545495331287,1.284787893295288,-39.7304573059082,1740747917.7154927,-0.014370924793183804,41
41,0.6934741735458374,41,0.25,-39.11128616333008,0.6934741735458374,1637.8403635025024,0.6941,7.334289862285655,-35.591651916503906,-0.0003972528502345085,1.9811320754716982e-07,0.16,-35.70552062988281,-0.015292594209313393,1.4733058214187622,-39.01429748535156,1740747956.1051266,-0.014895342290401459,42
42,0.6930943727493286,42,0.375,-45.284664154052734,0.6930943727493286,1676.2798223495483,0.6929,7.598225707076594,-37.49673843383789,0.0002598462160676718,2.028301886792453e-07,0.16,-37.64143753051758,-0.014964375644922256,1.3716460466384888,-45.13410949707031,1740747994.5445855,-0.015224221162497997,43
43,0.6928381323814392,43,0.5625,-42.37549591064453,0.6928381323814392,1714.7560331821442,0.6923,7.6309789322825194,-36.236572265625,0.0007911282009445131,2.0754716981132074e-07,0.17,-36.36121368408203,-0.01939668320119381,1.484010934829712,-42.23194885253906,1740748033.0207963,-0.02018781378865242,44
44,0.6911945939064026,44,0.5625,-46.830360412597656,0.6911945939064026,1753.327877998352,0.6926,7.735614737737275,-38.973724365234375,0.00408129720017314,2.1226415094339622e-07,0.17,-39.127037048339844,-0.008801884017884731,1.3927940130233765,-46.66451644897461,1740748071.592641,-0.012883180752396584,45
45,0.6929917931556702,45,0.5,-40.829105377197266,0.6929917931556702,1791.8544776439667,0.6944,7.414323203792268,-36.30719757080078,0.0003943382762372494,2.169811320754717e-07,0.17,-36.4818115234375,-0.009845119901001453,1.32246994972229,-40.6774787902832,1740748110.1192408,-0.010239457711577415,46
46,0.6945950984954834,46,0.5,-48.4793815612793,0.6945950984954834,1830.6329429149628,0.693,8.369500695633995,-40.5214729309082,-0.0027700632344931364,2.2169811320754718e-07,0.18,-40.68732452392578,-0.012999817728996277,1.3973060846328735,-48.30812072753906,1740748148.897706,-0.010229755192995071,47
47,0.6887444257736206,47,0.5625,-44.183372497558594,0.6887444257736206,1869.408888578415,0.6893,7.392475820095472,-38.560264587402344,0.00894254632294178,2.2641509433962263e-07,0.18,-38.7008056640625,-0.017811724916100502,1.3822720050811768,-43.96377944946289,1740748187.6736517,-0.02675427310168743,48
48,0.6951131820678711,48,0.4375,-43.48627471923828,0.6951131820678711,1908.1445548534393,0.6906,8.125128273443995,-35.27039337158203,-0.0036413343623280525,2.311320754716981e-07,0.19,-35.45841979980469,-0.02068406715989113,1.3276307582855225,-43.244651794433594,1740748226.409318,-0.01704273372888565,49
49,0.6904727220535278,49,0.625,-44.3123893737793,0.6904727220535278,1946.7799892425537,0.6921,7.55435442228733,-38.81721878051758,0.0056164804846048355,2.3584905660377358e-07,0.19,-39.06475830078125,-0.017587954178452492,1.3808752298355103,-44.042091369628906,1740748265.0447524,-0.023204434663057327,50
50,0.6940349340438843,50,0.4375,-45.7332763671875,0.6940349340438843,1985.3309321403503,0.6896,7.631768196093091,-38.78940200805664,-0.0014861524105072021,2.4056603773584903e-07,0.19,-38.98360061645508,-0.025949418544769287,1.4278538227081299,-45.4655876159668,1740748303.5956953,-0.024463266134262085,51
51,0.6902981996536255,51,0.625,-43.537696838378906,0.6902981996536255,2023.8719608783722,0.6895,7.9291237909044865,-39.59588623046875,0.005959546659141779,2.452830188679245e-07,0.2,-39.82832336425781,-0.020599782466888428,1.4748049974441528,-43.22895050048828,1740748342.136724,-0.02655932866036892,52
52,0.6917213201522827,52,0.5,-43.64529800415039,0.6917213201522827,2062.425680875778,0.6911,7.676386371084213,-37.93830108642578,0.0031544447410851717,2.5e-07,0.2,-38.21524429321289,-0.023225778713822365,1.3406859636306763,-43.32543182373047,1740748380.690444,-0.026380226016044617,53
53,0.6916006803512573,53,0.5625,-43.246368408203125,0.6916006803512573,2100.91472864151,0.6942,7.335246428361147,-33.106475830078125,0.0032500415109097958,2.5471698113207547e-07,0.2,-33.44367980957031,-0.028586827218532562,1.4106650352478027,-42.928138732910156,1740748419.1794918,-0.031836867332458496,54
54,0.6938217282295227,54,0.625,-43.48518371582031,0.6938217282295227,2139.380116701126,0.6886,7.733323230527688,-36.61918258666992,-0.001144937938079238,2.5943396226415094e-07,0.21,-36.922828674316406,-0.03515050560235977,1.491334319114685,-43.088043212890625,1740748457.6448798,-0.03400556743144989,55
55,0.6875761151313782,55,0.4375,-44.91096496582031,0.6875761151313782,2177.922602415085,0.6893,7.92031072344439,-39.8250732421875,0.011495549231767654,2.641509433962264e-07,0.21,-40.13151550292969,-0.037333741784095764,1.4705040454864502,-44.5255012512207,1740748496.1873655,-0.04882929474115372,56
56,0.6910122036933899,56,0.5625,-42.291282653808594,0.6910122036933899,2216.478145122528,0.6898,7.239886345618916,-34.067562103271484,0.004536030348390341,2.6886792452830185e-07,0.22,-34.389068603515625,-0.026907145977020264,1.3304164409637451,-41.900054931640625,1740748534.7429082,-0.03144317492842674,57
57,0.6919674277305603,57,0.5625,-40.28169250488281,0.6919674277305603,2254.9556102752686,0.6903,7.363880604898723,-34.67620849609375,0.0024962930474430323,2.735849056603773e-07,0.22,-35.071537017822266,-0.043658528476953506,1.5250293016433716,-39.82633972167969,1740748573.2203734,-0.046154823154211044,58
58,0.6804015636444092,58,0.8125,-39.864688873291016,0.6804015636444092,2293.5520808696747,0.6871,7.518752390041639,-41.150047302246094,0.025863148272037506,2.783018867924528e-07,0.22,-41.54307174682617,-0.04201466217637062,1.427715539932251,-39.348236083984375,1740748611.816844,-0.06787780672311783,59
59,0.6868412494659424,59,0.625,-47.89361572265625,0.6868412494659424,2332.245446205139,0.6859,7.5765039580434665,-39.25581359863281,0.013053666800260544,2.830188679245283e-07,0.23,-39.67333221435547,-0.04214223474264145,1.6589505672454834,-47.32794952392578,1740748650.5102093,-0.05519590526819229,60
60,0.6863142251968384,60,0.5625,-44.70888137817383,0.6863142251968384,2370.9077713489532,0.6851,7.986252324782594,-40.52174377441406,0.014099414460361004,2.8773584905660376e-07,0.23,-41.00640869140625,-0.04567284137010574,1.2559031248092651,-44.05918884277344,1740748689.1725345,-0.059772249311208725,61
61,0.6997637748718262,61,0.375,-36.13151931762695,0.6997637748718262,2409.59410071373,0.6956,7.063316212744615,-32.93413162231445,-0.013039136305451393,2.9245283018867923e-07,0.23,-33.48881912231445,-0.06214050576090813,1.401155948638916,-35.621437072753906,1740748727.8588638,-0.049101363867521286,62
62,0.6989396810531616,62,0.4375,-48.94371032714844,0.6989396810531616,2448.4343202114105,0.6925,8.238428893427157,-40.690765380859375,-0.011193584650754929,2.971698113207547e-07,0.24,-41.285118103027344,-0.05025973916053772,1.34145188331604,-48.33234405517578,1740748766.6990833,-0.03906615450978279,63
63,0.697608470916748,63,0.5625,-46.766883850097656,0.697608470916748,2487.3385717868805,0.6879,7.541247022938501,-37.20243453979492,-0.00812017172574997,3.018867924528302e-07,0.24,-37.79486846923828,-0.07405039668083191,1.506577491760254,-46.063926696777344,1740748805.603335,-0.06593021750450134,64
64,0.6899879574775696,64,0.4375,-43.146881103515625,0.6899879574775696,2526.1175153255463,0.6897,6.977922114168473,-33.75986099243164,0.006691988557577133,3.066037735849056e-07,0.25,-34.301570892333984,-0.044154342263936996,1.3093914985656738,-42.53165817260742,1740748844.3822784,-0.05084633082151413,65
65,0.6944658756256104,65,0.4375,-43.98535919189453,0.6944658756256104,2565.0318574905396,0.6901,7.66226956171149,-39.375946044921875,-0.002330055460333824,3.113207547169811e-07,0.25,-40.04454040527344,-0.05760503187775612,1.4545679092407227,-43.24943161010742,1740748883.2966206,-0.055274974554777145,66
66,0.6856271624565125,66,0.5625,-47.481449127197266,0.6856271624565125,2603.9836735725403,0.684,8.700373254380738,-34.35499572753906,0.015738490968942642,3.1603773584905657e-07,0.25,-34.89224624633789,-0.05654482543468475,1.5635600090026855,-46.7528076171875,1740748922.2484367,-0.0722833126783371,67
67,0.6844006776809692,67,0.625,-47.40458297729492,0.6844006776809692,2642.976924419403,0.6867,8.420404829004802,-36.77653884887695,0.01843581348657608,3.2075471698113204e-07,0.26,-37.42367935180664,-0.07544310390949249,1.4746047258377075,-46.62252426147461,1740748961.2416875,-0.09387892484664917,68
68,0.6851769089698792,68,0.5625,-46.007720947265625,0.6851769089698792,2681.960950613022,0.6834,7.937137448040415,-35.44108963012695,0.016492364928126335,3.254716981132075e-07,0.26,-36.08887481689453,-0.07294005155563354,1.482468605041504,-45.157920837402344,1740749000.2257137,-0.08943241834640503,69
69,0.6799309849739075,69,0.625,-44.46942901611328,0.6799309849739075,2720.8927776813507,0.6825,8.390888364469776,-38.84722137451172,0.027435066178441048,3.30188679245283e-07,0.26,-39.457183837890625,-0.04305405169725418,1.4557535648345947,-43.636756896972656,1740749039.1575408,-0.07048911601305008,70
70,0.6721085906028748,70,0.75,-47.78239440917969,0.6721085906028748,2759.7202372550964,0.6842,8.307980853882814,-39.480918884277344,0.043718717992305756,3.349056603773585e-07,0.27,-40.29289627075195,-0.05697135627269745,1.6643933057785034,-46.77505111694336,1740749077.9850004,-0.1006900742650032,71
71,0.6844146847724915,71,0.5625,-40.531333923339844,0.6844146847724915,2798.468667268753,0.6938,7.473685178431509,-35.65361785888672,0.019060678780078888,3.396226415094339e-07,0.27,-36.498870849609375,-0.09820638597011566,1.640058159828186,-39.69000244140625,1740749116.7334304,-0.11726707220077515,72
72,0.6821727752685547,72,0.6875,-44.91131591796875,0.6821727752685547,2837.2828006744385,0.6915,7.720794022736642,-40.10889434814453,0.0229337178170681,3.443396226415094e-07,0.28,-41.01893615722656,-0.09688295423984528,1.548109531402588,-43.9609489440918,1740749155.5475638,-0.11981667578220367,73
73,0.685650646686554,73,0.625,-39.72169876098633,0.685650646686554,2876.3029067516327,0.6895,7.027414340566443,-34.77735900878906,0.015876861289143562,3.4905660377358486e-07,0.28,-35.657073974609375,-0.06794410943984985,1.1147425174713135,-38.761505126953125,1740749194.5676699,-0.08382096886634827,74
74,0.685866117477417,74,0.625,-43.6549072265625,0.685866117477417,2915.2392382621765,0.6892,7.47356552704158,-36.184532165527344,0.016164712607860565,3.5377358490566033e-07,0.28,-37.351173400878906,-0.11562122404575348,1.21419358253479,-42.39704132080078,1740749233.5040014,-0.13178594410419464,75
75,0.6843563914299011,75,0.6875,-40.07638931274414,0.6843563914299011,2954.144958257675,0.6878,7.377584504458814,-35.72592544555664,0.018446534872055054,3.584905660377358e-07,0.29,-36.71500015258789,-0.08943904936313629,1.541817307472229,-38.96641540527344,1740749272.4097214,-0.10788558423519135,76
76,0.6789504289627075,76,0.8125,-40.84606170654297,0.6789504289627075,2992.9924762248993,0.684,7.426710497582794,-35.030250549316406,0.029793046414852142,3.632075471698113e-07,0.29,-36.01354217529297,-0.09492261707782745,1.3077040910720825,-39.66535568237305,1740749311.2572393,-0.1247156634926796,77
77,0.6903774738311768,77,0.4375,-41.182350158691406,0.6903774738311768,3031.900582075119,0.6838,6.868114983792359,-32.69132995605469,0.007289613597095013,3.6792452830188677e-07,0.29,-33.77057647705078,-0.1181982010602951,1.4153101444244385,-39.9003791809082,1740749350.1653452,-0.1254878044128418,78
78,0.6869727969169617,78,0.5,-44.0118522644043,0.6869727969169617,3070.8770594596863,0.6857,7.606208191024208,-37.84830856323242,0.01536547765135765,3.7264150943396224e-07,0.3,-38.968406677246094,-0.1304505467414856,1.3389792442321777,-42.72447204589844,1740749389.1418226,-0.14581602811813354,79
79,0.6752732396125793,79,0.5,-45.857601165771484,0.6752732396125793,3109.853710412979,0.6781,7.7857438178092115,-34.66464614868164,0.03971771150827408,3.773584905660377e-07,0.3,-35.809165954589844,-0.10290176421403885,1.5393409729003906,-44.38269805908203,1740749428.1184735,-0.14261947572231293,80
80,0.6735254526138306,80,0.75,-47.34858703613281,0.6735254526138306,3148.7538578510284,0.6769,8.225200295465413,-39.50154113769531,0.04168208688497543,3.820754716981132e-07,0.31,-40.93656921386719,-0.12905801832675934,1.4427011013031006,-45.56394958496094,1740749467.018621,-0.17074009776115417,81
81,0.6685763001441956,81,0.75,-46.21120834350586,0.6685763001441956,3187.722652196884,0.6817,8.1257690636141,-42.71836853027344,0.051042500883340836,3.867924528301887e-07,0.31,-44.219337463378906,-0.12200461328029633,1.3277164697647095,-44.465293884277344,1740749505.9874153,-0.17304711043834686,82
82,0.6809490919113159,82,0.625,-45.96684265136719,0.6809490919113159,3226.7528109550476,0.6901,7.8429092696323695,-37.76348114013672,0.02628437429666519,3.9150943396226415e-07,0.31,-39.29759216308594,-0.15043242275714874,1.2963125705718994,-44.3482666015625,1740749545.017574,-0.17671678960323334,83
83,0.6653831601142883,83,0.6875,-40.864234924316406,0.6653831601142883,3265.7931559085846,0.6747,8.12450230739464,-36.18581771850586,0.05856980383396149,3.9622641509433963e-07,0.32,-37.53601837158203,-0.09813278913497925,1.407415747642517,-39.12342071533203,1740749584.057919,-0.15670259296894073,84
84,0.6706790328025818,84,0.6875,-47.03041458129883,0.6706790328025818,3304.7923636436462,0.6767,8.095427584937255,-37.1304817199707,0.04777940735220909,4.009433962264151e-07,0.32,-38.815189361572266,-0.12786409258842468,1.3728160858154297,-44.995140075683594,1740749623.0571268,-0.17564350366592407,85
85,0.6968525052070618,85,0.5,-47.791351318359375,0.6968525052070618,3343.6450810432434,0.6922,8.219765776164344,-44.07701110839844,-0.0057363067753612995,4.056603773584906e-07,0.32,-45.96314239501953,-0.1704714149236679,1.3299946784973145,-45.8520393371582,1740749661.9098442,-0.1647351086139679,86
86,0.7041445970535278,86,0.5,-42.551639556884766,0.7041445970535278,3382.5091252326965,0.6868,7.8189180063655215,-40.44966125488281,-0.01995299756526947,4.1037735849056606e-07,0.33,-42.166038513183594,-0.1493653655052185,1.3028589487075806,-40.67109298706055,1740749700.7738883,-0.12941238284111023,87
87,0.6825525760650635,87,0.5625,-43.13629150390625,0.6825525760650635,3421.3439218997955,0.6862,7.597175048967301,-36.97920227050781,0.025160672143101692,4.150943396226415e-07,0.33,-38.787471771240234,-0.17776943743228912,1.4879279136657715,-41.14949035644531,1740749739.608685,-0.20293012261390686,88
88,0.684380829334259,88,0.625,-44.765804290771484,0.684380829334259,3460.147512435913,0.6901,7.838113358874028,-35.469940185546875,0.0206054225564003,4.1981132075471697e-07,0.34,-37.46303176879883,-0.23770277202129364,1.577284574508667,-42.67986297607422,1740749778.4122756,-0.25830820202827454,89
89,0.707750678062439,89,0.5,-50.25030517578125,0.707750678062439,3498.984766483307,0.6894,8.781879574483588,-47.792484283447266,-0.02478652074933052,4.2452830188679244e-07,0.34,-50.089447021484375,-0.29503151774406433,1.5099825859069824,-47.850257873535156,1740749817.2495296,-0.2702450156211853,90
90,0.6652346849441528,90,0.8125,-47.36591720581055,0.6652346849441528,3537.777421951294,0.6619,7.826117317625636,-35.47199249267578,0.06075245887041092,4.292452830188679e-07,0.34,-37.19865798950195,-0.1952674835920334,1.5384061336517334,-44.952781677246094,1740749856.042185,-0.2560199499130249,91
91,0.6891051530838013,91,0.625,-41.16496658325195,0.6891051530838013,3576.7431905269623,0.6893,7.547895786981527,-37.27786636352539,0.01403692178428173,4.339622641509434e-07,0.35,-39.107872009277344,-0.15592774748802185,1.278390884399414,-39.214595794677734,1740749895.0079536,-0.16996465623378754,92
92,0.7254787683486938,92,0.3125,-41.61716079711914,0.7254787683486938,3615.4867057800293,0.6966,7.6819784532226425,-33.8642578125,-0.06010764464735985,4.386792452830189e-07,0.35,-36.04228210449219,-0.2531872093677521,1.38901948928833,-39.456016540527344,1740749933.751469,-0.19307957589626312,93
93,0.6980229020118713,93,0.4375,-41.0157585144043,0.6980229020118713,3654.264938354492,0.6749,7.367425299881656,-31.356361389160156,-0.006209251470863819,4.4339622641509435e-07,0.36,-33.123085021972656,-0.1494596153497696,1.3257944583892822,-38.84059524536133,1740749972.5297015,-0.14325036108493805,94
94,0.6851277351379395,94,0.625,-50.7158088684082,0.6851277351379395,3693.086715221405,0.6764,8.264163534140986,-44.4451789855957,0.01849023438990116,4.481132075471698e-07,0.36,-46.84034729003906,-0.225409597158432,1.523838996887207,-47.93259048461914,1740750011.3514783,-0.24389980733394623,95
95,0.6528499126434326,95,0.75,-46.531761169433594,0.6528499126434326,3731.922559738159,0.6638,8.161385888116788,-36.37256622314453,0.0861167386174202,4.5283018867924526e-07,0.36,-38.539451599121094,-0.17584262788295746,1.3946669101715088,-43.71052932739258,1740750050.1873229,-0.26195937395095825,96
96,0.6955603361129761,96,0.5,-51.42597198486328,0.6955603361129761,3770.6389207839966,0.6836,7.886430775776699,-40.101741790771484,-0.0015123002231121063,4.5754716981132073e-07,0.37,-42.512657165527344,-0.24446037411689758,1.5832443237304688,-48.77900695800781,1740750088.903684,-0.24294808506965637,97
97,0.684624433517456,97,0.5,-38.90739059448242,0.684624433517456,3809.3612451553345,0.6718,7.780972361400519,-36.230133056640625,0.019374074414372444,4.622641509433962e-07,0.37,-38.21995544433594,-0.2054828554391861,1.3820878267288208,-36.457435607910156,1740750127.6260083,-0.2248569130897522,98
98,0.6657000780105591,98,0.6875,-44.50502395629883,0.6657000780105591,3848.009195804596,0.6817,7.377783173241923,-34.19273376464844,0.058355093002319336,4.669811320754717e-07,0.37,-36.36605453491211,-0.21245983242988586,1.4044526815414429,-42.056907653808594,1740750166.273959,-0.2708149254322052,99
99,0.665818452835083,99,0.8125,-46.8087158203125,0.665818452835083,3886.813494205475,0.6837,7.5308909741178365,-36.570274353027344,0.05891246348619461,4.7169811320754717e-07,0.38,-38.81993865966797,-0.2201891988515854,1.4059510231018066,-44.317649841308594,1740750205.0782573,-0.2791016697883606,100
100,0.6579254865646362,100,0.6875,-46.09188461303711,0.6579254865646362,3925.6396293640137,0.6755,7.774939790985174,-33.056785583496094,0.07449252903461456,4.7641509433962264e-07,0.38,-35.254913330078125,-0.2419164925813675,1.377479076385498,-43.49755096435547,1740750243.9043925,-0.31640902161598206,101
101,0.6815849542617798,101,0.5625,-44.23973083496094,0.6815849542617798,3964.481109380722,0.677,7.81381522277549,-31.429805755615234,0.02861320972442627,4.811320754716981e-07,0.39,-33.584163665771484,-0.2342272400856018,1.663942813873291,-41.70124816894531,1740750282.7458725,-0.2628404498100281,102
102,0.6571203470230103,102,0.75,-45.034420013427734,0.6571203470230103,4003.2057247161865,0.6744,7.723610242620943,-38.26106262207031,0.08074218779802322,4.858490566037736e-07,0.39,-40.76453399658203,-0.20951563119888306,1.4299120903015137,-42.08218765258789,1740750321.4704878,-0.29025784134864807,103
103,0.6668325066566467,103,0.6875,-51.51906967163086,0.6668325066566467,4042.0035903453827,0.6776,8.17137606991668,-41.342323303222656,0.05640152841806412,4.90566037735849e-07,0.39,-44.448768615722656,-0.3381384015083313,1.6388616561889648,-48.051719665527344,1740750360.2683535,-0.39453989267349243,104
104,0.7009884119033813,104,0.5,-47.73614501953125,0.7009884119033813,4081.4764840602875,0.687,8.60595130770794,-37.71759033203125,-0.003735593520104885,4.952830188679246e-07,0.4,-40.28974533081055,-0.2533845603466034,1.494311809539795,-44.912330627441406,1740750399.7412472,-0.24964897334575653,105
105,0.6551455855369568,105,0.625,-51.6760139465332,0.6551455855369568,4120.2740268707275,0.6625,7.973701006322103,-38.878814697265625,0.08846886456012726,5e-07,0.4,-41.6524658203125,-0.29389262199401855,1.546692967414856,-48.211280822753906,1740750438.53879,-0.3823614716529846,106
106,0.6497344970703125,106,0.6875,-45.007972717285156,0.6497344970703125,4159.040690898895,0.6643,8.048820565722957,-38.89888000488281,0.10015380382537842,4.994736842105263e-07,0.4,-41.41657257080078,-0.2805628776550293,1.59916090965271,-41.81889724731445,1740750477.305454,-0.3807166814804077,107
107,0.662827730178833,107,0.625,-45.92393493652344,0.662827730178833,4197.831664562225,0.6778,8.166366794826647,-42.230831146240234,0.07387929409742355,4.989473684210527e-07,0.41,-44.731449127197266,-0.3098326325416565,1.6395487785339355,-43.037574768066406,1740750516.0964277,-0.38371190428733826,108
108,0.6447425484657288,108,0.75,-45.06019973754883,0.6447425484657288,4236.574920415878,0.6646,7.789228609968038,-35.27363967895508,0.10964208841323853,4.984210526315789e-07,0.41,-37.87098693847656,-0.20033717155456543,1.384300947189331,-41.81565856933594,1740750554.8396835,-0.30997925996780396,109
109,0.6593738794326782,109,0.8125,-49.94465637207031,0.6593738794326782,4275.28771686554,0.6715,8.02222930945374,-34.95454406738281,0.07217560708522797,4.978947368421052e-07,0.42,-37.833168029785156,-0.31026434898376465,1.6344386339187622,-46.558982849121094,1740750593.55248,-0.3824399709701538,110
110,0.6548634767532349,110,0.6875,-46.09471893310547,0.6548634767532349,4314.07772231102,0.6668,7.661111626447904,-34.29423141479492,0.08087125420570374,4.973684210526316e-07,0.42,-36.87033462524414,-0.22965383529663086,1.415269374847412,-42.91584777832031,1740750632.3424854,-0.3105250895023346,111
111,0.6530991792678833,111,0.6875,-47.26531982421875,0.6530991792678833,4352.8736226558685,0.6686,7.9531389821999525,-38.23673629760742,0.08998479694128036,4.968421052631579e-07,0.42,-41.04092788696289,-0.26782140135765076,1.4392566680908203,-43.890472412109375,1740750671.1383858,-0.3578062057495117,112
112,0.6731070280075073,112,0.5,-47.608177185058594,0.6731070280075073,4391.7364847660065,0.6618,8.053502128840499,-43.15393829345703,0.04492698609828949,4.963157894736842e-07,0.43,-45.87808609008789,-0.2584041953086853,1.5702722072601318,-44.15974426269531,1740750710.001248,-0.3033311665058136,113
113,0.6248762011528015,113,0.8125,-47.9603271484375,0.6248762011528015,4430.5768866539,0.6603,7.990375643330455,-38.176170349121094,0.15492048859596252,4.957894736842105e-07,0.43,-40.96244430541992,-0.25617220997810364,1.7270125150680542,-44.41324234008789,1740750748.8416498,-0.41109269857406616,114
114,0.62247234582901,114,0.75,-50.50395965576172,0.62247234582901,4469.404418468475,0.6527,8.199788233152491,-38.07276916503906,0.16975055634975433,4.952631578947368e-07,0.43,-40.92626190185547,-0.24437454342842102,1.5828862190246582,-46.69766616821289,1740750787.6691816,-0.41412508487701416,115
115,0.6365430355072021,115,0.75,-40.29993438720703,0.6365430355072021,4508.095272064209,0.6717,7.104391101136722,-31.773487091064453,0.12569355964660645,4.947368421052631e-07,0.44,-34.37145233154297,-0.22940915822982788,1.6455893516540527,-37.15888214111328,1740750826.3600352,-0.3551027178764343,116
116,0.6526191234588623,116,0.625,-45.14339065551758,0.6526191234588623,4546.8517372608185,0.6786,7.794678568835092,-36.26066589355469,0.09893206506967545,4.942105263157895e-07,0.44,-39.323753356933594,-0.23185792565345764,1.4254615306854248,-41.63658142089844,1740750865.1165004,-0.3307899832725525,117
117,0.677528977394104,117,0.5,-49.17756271362305,0.677528977394104,4585.656393527985,0.6827,8.310188960683622,-37.355186462402344,0.03894941508769989,4.936842105263157e-07,0.45,-41.16448974609375,-0.30774691700935364,1.4294178485870361,-44.999107360839844,1740750903.9211566,-0.3466963469982147,118
118,0.7117940187454224,118,0.4375,-45.12004852294922,0.7117940187454224,4624.4805908203125,0.6542,8.032976123648464,-35.09507369995117,-0.023815367370843887,4.931578947368422e-07,0.45,-38.26361083984375,-0.34925946593284607,1.6776318550109863,-41.031410217285156,1740750942.745354,-0.3254441022872925,119
119,0.7341188192367554,119,0.3125,-44.30206298828125,0.7341188192367554,4663.179574728012,0.6814,7.950786140790774,-33.592105865478516,-0.07028952240943909,4.926315789473684e-07,0.45,-36.85994338989258,-0.3340612053871155,1.2591146230697632,-40.663326263427734,1740750981.4443378,-0.2637716829776764,120
120,0.6424647569656372,120,0.625,-50.437355041503906,0.6424647569656372,4702.012048244476,0.644,7.883449711400783,-35.657711029052734,0.11656775325536728,4.921052631578947e-07,0.46,-38.875511169433594,-0.36480844020843506,1.425455927848816,-46.10976791381836,1740751020.2768114,-0.4813762605190277,121
121,0.646652102470398,121,0.625,-47.96324157714844,0.646652102470398,4740.9535529613495,0.6717,7.884905314562978,-39.163047790527344,0.10688154399394989,4.915789473684211e-07,0.46,-42.60898208618164,-0.26339107751846313,1.665456771850586,-43.89203643798828,1740751059.218316,-0.37027260661125183,122
122,0.6546984910964966,122,0.6875,-50.34894561767578,0.6546984910964966,4779.790944337845,0.6628,8.19536029415086,-38.831478118896484,0.08827927708625793,4.910526315789473e-07,0.46,-42.654754638671875,-0.4032301902770996,1.6439101696014404,-45.694969177246094,1740751098.0557075,-0.49150943756103516,123
123,0.6456148624420166,123,0.8125,-46.25960922241211,0.6456148624420166,4818.586163520813,0.6681,7.7064502187612485,-36.525142669677734,0.1072661504149437,4.905263157894736e-07,0.47,-39.961238861083984,-0.3788817524909973,1.7700003385543823,-42.15612030029297,1740751136.8509266,-0.486147940158844,124
124,0.6230097413063049,124,0.875,-52.767539978027344,0.6230097413063049,4857.557792901993,0.6392,7.987061365369821,-34.820865631103516,0.15496030449867249,4.9e-07,0.47,-37.932716369628906,-0.23249445855617523,1.547300934791565,-48.38374328613281,1740751175.822556,-0.3874547779560089,125
125,0.6705411672592163,125,0.5625,-47.22671890258789,0.6705411672592163,4896.354782819748,0.6598,8.053807853712911,-38.228668212890625,0.08496610820293427,4.894736842105263e-07,0.48,-41.90814971923828,-0.3678687810897827,1.6427252292633057,-42.61892318725586,1740751214.619546,-0.4528349041938782,126
126,0.6855501532554626,126,0.5625,-50.917789459228516,0.6855501532554626,4935.0914306640625,0.6553,7.985923690626058,-35.18170166015625,0.027260618284344673,4.889473684210526e-07,0.48,-38.86359405517578,-0.401047021150589,1.5219006538391113,-46.244964599609375,1740751253.3561938,-0.4283076226711273,127
127,0.6918767690658569,127,0.6875,-46.88269805908203,0.6918767690658569,4973.876049518585,0.6688,7.970314353770023,-35.11638259887695,0.02810976654291153,4.884210526315789e-07,0.48,-38.934425354003906,-0.42744970321655273,1.695647954940796,-42.34359359741211,1740751292.1408126,-0.45555946230888367,128
128,0.6557766199111938,128,0.6875,-47.20008850097656,0.6557766199111938,5012.649304389954,0.6793,7.9435311529272665,-36.727081298828125,0.08779700845479965,4.878947368421052e-07,0.49,-40.92137908935547,-0.3584509491920471,1.516120433807373,-42.53325653076172,1740751330.9140675,-0.446247935295105,129
129,0.604421854019165,129,0.8125,-50.440242767333984,0.604421854019165,5051.379478216171,0.6387,8.04863805585708,-37.433624267578125,0.20407737791538239,4.873684210526315e-07,0.49,-40.966331481933594,-0.30862337350845337,1.6092205047607422,-45.617584228515625,1740751369.6442413,-0.5127007961273193,130
130,0.6058778166770935,130,0.8125,-51.79625701904297,0.6058778166770935,5090.168386220932,0.6203,8.242037472699668,-37.137535095214844,0.19555169343948364,4.868421052631579e-07,0.49,-40.808135986328125,-0.3309674561023712,1.6634774208068848,-46.408729553222656,1740751408.4331493,-0.5265191793441772,131
131,0.649377703666687,131,0.5,-48.04997634887695,0.649377703666687,5128.91631603241,0.6458,8.10869648267033,-39.06005859375,0.11416598409414291,4.863157894736842e-07,0.5,-42.87955093383789,-0.3931012749671936,1.505786418914795,-43.076847076416016,1740751447.1810791,-0.5072672367095947,132
132,0.6408010125160217,132,0.6875,-44.705074310302734,0.6408010125160217,5167.690333366394,0.6651,7.8775830569680165,-35.632686614990234,0.12627142667770386,4.857894736842106e-07,0.5,-39.34419250488281,-0.3623306155204773,1.6791356801986694,-40.25673294067383,1740751485.9550965,-0.48860201239585876,133
133,0.6635662913322449,133,0.5625,-46.36798095703125,0.6635662913322449,5206.466790676117,0.6461,8.063641624387794,-36.02220153808594,0.07192748785018921,4.852631578947368e-07,0.51,-39.280704498291016,-0.2883260250091553,1.6526739597320557,-41.96076965332031,1740751524.7315538,-0.3602534532546997,134
134,0.6695395708084106,134,0.75,-48.23845672607422,0.6695395708084106,5245.245171546936,0.6397,7.950165416062563,-37.058204650878906,0.05799723044037819,4.847368421052631e-07,0.51,-40.723636627197266,-0.3458828032016754,1.4401166439056396,-43.297203063964844,1740751563.5099347,-0.4038800001144409,135
135,0.7152007818222046,135,0.5,-45.241119384765625,0.7152007818222046,5284.110325336456,0.6621,8.251912585620952,-40.7494010925293,-0.030803145840764046,4.842105263157895e-07,0.51,-44.575157165527344,-0.549952507019043,1.8000924587249756,-40.619842529296875,1740751602.3750885,-0.5191493630409241,136
136,0.6630905270576477,136,0.5625,-48.986427307128906,0.6630905270576477,5322.896012306213,0.6809,8.847165514724814,-41.09148406982422,0.08642838150262833,4.836842105263157e-07,0.52,-45.41332244873047,-0.37478262186050415,1.7360790967941284,-44.20530700683594,1740751641.1607754,-0.4612109661102295,137
137,0.6251598596572876,137,0.6875,-50.18492126464844,0.6251598596572876,5361.715953588486,0.6229,7.810173606588327,-34.57927322387695,0.17659598588943481,4.831578947368421e-07,0.52,-38.419654846191406,-0.4663640260696411,1.7428793907165527,-44.627960205078125,1740751679.9807167,-0.6429600119590759,138
138,0.6509813070297241,138,0.625,-50.493560791015625,0.6509813070297241,5400.4424369335175,0.6684,8.849687965075514,-42.549095153808594,0.13643398880958557,4.826315789473684e-07,0.53,-47.49247741699219,-0.49501991271972656,1.5999493598937988,-44.767906188964844,1740751718.7072,-0.6314539313316345,139
139,0.6182252764701843,139,0.8125,-51.98210525512695,0.6182252764701843,5439.344833374023,0.637,8.00386075654808,-38.56373977661133,0.17776885628700256,4.821052631578947e-07,0.53,-42.64326477050781,-0.327450156211853,1.4498035907745361,-46.42098617553711,1740751757.6095965,-0.505219042301178,140
140,0.6167682409286499,140,0.8125,-50.60653305053711,0.6167682409286499,5478.165436267853,0.612,7.7473880844389535,-34.280311584472656,0.17534783482551575,4.81578947368421e-07,0.53,-37.95499801635742,-0.3758932054042816,1.544480800628662,-45.03441619873047,1740751796.4301994,-0.5512410402297974,141
141,0.6647403240203857,141,0.4375,-54.770111083984375,0.6647403240203857,5517.02285695076,0.6787,9.420456331201624,-39.91921615600586,0.07988482713699341,4.810526315789473e-07,0.54,-44.5886116027832,-0.4050072133541107,1.565118670463562,-49.58354187011719,1740751835.28762,-0.4848920702934265,142
142,0.6444064378738403,142,0.6875,-44.096038818359375,0.6444064378738403,5555.820669412613,0.6451,8.245531313765945,-37.390750885009766,0.13929268717765808,4.805263157894736e-07,0.54,-41.354209899902344,-0.37280598282814026,1.5317164659500122,-38.93865966796875,1740751874.0854325,-0.5120986700057983,143
143,0.6515159010887146,143,0.5,-43.598148345947266,0.6515159010887146,5594.708884716034,0.6675,8.04580007731521,-37.50371551513672,0.11620299518108368,4.8e-07,0.54,-41.71430969238281,-0.46507585048675537,1.528153657913208,-38.596923828125,1740751912.9736478,-0.5812788009643555,144
144,0.6503410339355469,144,0.5,-51.222007751464844,0.6503410339355469,5633.541081428528,0.634,8.368461594217104,-40.05546951293945,0.10650843381881714,4.794736842105263e-07,0.55,-44.368873596191406,-0.42598894238471985,1.7487266063690186,-45.339962005615234,1740751951.8058445,-0.5324973464012146,145
145,0.6149340867996216,145,0.6875,-53.83659362792969,0.6149340867996216,5672.338336229324,0.6389,8.519907958946575,-40.126197814941406,0.1995248794555664,4.789473684210526e-07,0.55,-44.911285400390625,-0.32683247327804565,1.5196948051452637,-47.60920715332031,1740751990.6030993,-0.5263574123382568,146
146,0.5844548344612122,146,0.8125,-52.62173843383789,0.5844548344612122,5711.141796350479,0.6393,8.34735625424093,-43.947265625,0.2881925702095032,4.78421052631579e-07,0.56,-49.33234405517578,-0.372865229845047,1.7048832178115845,-45.66839599609375,1740752029.4065595,-0.6610577702522278,147
147,0.7092041969299316,147,0.5,-45.861328125,0.7092041969299316,5749.982547521591,0.6711,8.587978685816005,-38.32164001464844,0.011626079678535461,4.778947368421052e-07,0.56,-42.8779182434082,-0.5429696440696716,1.6301255226135254,-40.51506042480469,1740752068.2473106,-0.5545957684516907,148
148,0.6761199831962585,148,0.5,-46.56000518798828,0.6761199831962585,5788.772505521774,0.6618,8.149724707167689,-34.00199508666992,0.04974919557571411,4.773684210526315e-07,0.56,-38.751888275146484,-0.5576664805412292,1.73030424118042,-40.747093200683594,1740752107.0372686,-0.6074156761169434,149
149,0.637330174446106,149,0.625,-52.6376953125,0.637330174446106,5827.547063589096,0.662,9.2449799393996,-40.50837707519531,0.1278519481420517,4.768421052631579e-07,0.57,-46.02199172973633,-0.4259168803691864,1.5698093175888062,-46.2008056640625,1740752145.8118267,-0.5537688136100769,150
150,0.5851163864135742,150,0.6875,-47.38075637817383,0.5851163864135742,5866.324620962143,0.6171,7.857899659251636,-32.365028381347656,0.2659395635128021,4.7631578947368416e-07,0.57,-36.85157012939453,-0.5238968133926392,1.4123793840408325,-40.988155364990234,1740752184.589384,-0.7898364067077637,151
151,0.5521900653839111,151,0.75,-50.09822082519531,0.5521900653839111,5905.149236440659,0.6357,8.564554658324015,-38.94020462036133,0.3625181317329407,4.757894736842105e-07,0.57,-44.132957458496094,-0.4135955572128296,1.5735489130020142,-43.228824615478516,1740752223.4139996,-0.7761136889457703,152
152,0.5904823541641235,152,0.5625,-52.0191535949707,0.5904823541641235,5943.924540758133,0.6137,8.035809571340529,-36.31725311279297,0.28577128052711487,4.7526315789473684e-07,0.58,-41.311302185058594,-0.40570616722106934,1.6391853094100952,-44.736820220947266,1740752262.1893039,-0.6914774179458618,153
153,0.6664767265319824,153,0.6875,-51.207481384277344,0.6664767265319824,5982.691143751144,0.6842,9.420297645214037,-40.78971481323242,0.10572775453329086,4.747368421052632e-07,0.58,-46.417266845703125,-0.4761834144592285,1.7220044136047363,-44.92499542236328,1740752300.9559069,-0.5819111466407776,154
154,0.6663143634796143,154,0.5,-51.900733947753906,0.6663143634796143,6021.555444717407,0.6215,8.448772207697699,-37.88128662109375,0.09654690325260162,4.7421052631578946e-07,0.59,-42.513465881347656,-0.4721214771270752,1.6514666080474854,-45.33744430541992,1740752339.8202078,-0.5686684250831604,155
155,0.6180293560028076,155,0.625,-55.298492431640625,0.6180293560028076,6060.3024361133575,0.6196,8.757048753485922,-39.687686920166016,0.2055758386850357,4.7368421052631574e-07,0.59,-44.777130126953125,-0.6144579648971558,1.7399945259094238,-48.19477844238281,1740752378.5671992,-0.8200337886810303,156
156,0.7109835147857666,156,0.5,-50.951904296875,0.7109835147857666,6099.102746486664,0.6432,8.454255793193195,-40.551788330078125,-0.013057935051620007,4.731578947368421e-07,0.59,-46.145816802978516,-0.6204127669334412,1.663924217224121,-43.87712860107422,1740752417.3675096,-0.6073548197746277,157
157,0.6144891381263733,157,0.6875,-45.81410217285156,0.6144891381263733,6137.746123313904,0.6432,7.989798850685738,-37.65544891357422,0.1886327564716339,4.7263157894736837e-07,0.6,-42.58822250366211,-0.5258026123046875,1.5896888971328735,-39.53689956665039,1740752456.0108864,-0.714435338973999,158
158,0.6619982719421387,158,0.5625,-50.927974700927734,0.6619982719421387,6176.505064964294,0.6258,8.055667362396967,-34.93030548095703,0.10898274928331375,4.721052631578947e-07,0.6,-39.75839614868164,-0.46185481548309326,1.666755199432373,-44.331729888916016,1740752494.769828,-0.5708375573158264,159
159,0.633049726486206,159,0.6875,-53.23259735107422,0.633049726486206,6215.227672576904,0.634,8.081524363662982,-32.57864761352539,0.18004363775253296,4.7157894736842104e-07,0.6,-37.694664001464844,-0.438715398311615,1.4221854209899902,-46.46475601196289,1740752533.4924357,-0.618759036064148,160
160,0.6655987501144409,160,0.625,-48.50955581665039,0.6655987501144409,6253.870039224625,0.6447,8.648418979618167,-36.9503173828125,0.17467117309570312,4.710526315789474e-07,0.61,-41.831871032714844,-0.5733698606491089,1.7984073162078857,-42.10003662109375,1740752572.1348023,-0.748041033744812,161
161,0.6641627550125122,161,0.5,-51.64455032348633,0.6641627550125122,6292.63410449028,0.6504,8.624535815981384,-39.720088958740234,0.08071231842041016,4.7052631578947366e-07,0.61,-45.564842224121094,-0.5298697352409363,1.569608211517334,-44.524192810058594,1740752610.8988676,-0.6105820536613464,162
162,0.7016301155090332,162,0.625,-51.07337188720703,0.7016301155090332,6331.378103971481,0.6356,8.69250419416795,-38.97023010253906,0.04580945894122124,4.6999999999999995e-07,0.62,-44.55928039550781,-0.4641360342502594,1.6889867782592773,-43.85462951660156,1740752649.642867,-0.5099455118179321,163
163,0.612074613571167,163,0.75,-58.99762725830078,0.612074613571167,6370.220845937729,0.591,8.82428918663869,-43.54547882080078,0.23631547391414642,4.694736842105263e-07,0.62,-49.12236785888672,-0.5738481879234314,1.8385885953903198,-50.63286590576172,1740752688.485609,-0.8101636171340942,164
164,0.7158573865890503,164,0.4375,-49.88294219970703,0.7158573865890503,6408.895502328873,0.6372,9.026048426368854,-38.69684600830078,-0.02397976815700531,4.6894736842105257e-07,0.62,-44.3782844543457,-0.7315452098846436,1.658461093902588,-42.746315002441406,1740752727.1602654,-0.707565426826477,165
165,0.7393509149551392,165,0.4375,-55.73887634277344,0.7393509149551392,6447.60240483284,0.6447,8.994875012768722,-38.775115966796875,-0.05655767768621445,4.6842105263157896e-07,0.63,-44.54816436767578,-0.4895237386226654,1.617327094078064,-48.165199279785156,1740752765.867168,-0.43296605348587036,166
166,0.7948238849639893,166,0.375,-50.98674011230469,0.7948238849639893,6486.350044727325,0.6741,9.616412428200078,-39.27274703979492,-0.13795235753059387,4.6789473684210524e-07,0.63,-45.15540313720703,-0.8251613974571228,1.7425788640975952,-43.90208053588867,1740752804.6148078,-0.6872090697288513,167
167,0.6351433992385864,167,0.6875,-52.8736457824707,0.6351433992385864,6525.030030250549,0.618,8.456135864480471,-37.87408447265625,0.17636260390281677,4.673684210526316e-07,0.63,-43.395381927490234,-0.5025752782821655,1.6387341022491455,-45.01237487792969,1740752843.2947934,-0.6789379119873047,168
168,0.6794214248657227,168,0.625,-48.929237365722656,0.6794214248657227,6563.832411766052,0.6204,8.837011553403093,-37.341880798339844,0.06660495698451996,4.6684210526315787e-07,0.64,-42.71796417236328,-0.5060586333274841,1.4775092601776123,-41.48734664916992,1740752882.097175,-0.5726635456085205,169
169,0.5635716319084167,169,0.6875,-61.73189926147461,0.5635716319084167,6602.742862939835,0.5621,8.877028320580342,-34.852622985839844,0.3659316301345825,4.6631578947368415e-07,0.64,-39.34450149536133,-0.443379670381546,1.475956678390503,-53.59629821777344,1740752921.007626,-0.8093113303184509,170
170,0.6657974123954773,170,0.6875,-44.88923645019531,0.6657974123954773,6641.358208179474,0.6632,8.540378680367823,-36.131072998046875,0.1372990757226944,4.657894736842105e-07,0.65,-42.09355926513672,-0.5788238644599915,1.5770108699798584,-37.393489837646484,1740752959.6229713,-0.7161229848861694,171
171,0.6365877985954285,171,0.5625,-54.739662170410156,0.6365877985954285,6680.086415529251,0.6365,9.018860788584007,-39.575965881347656,0.17764589190483093,4.652631578947368e-07,0.65,-46.15829849243164,-0.5722912549972534,1.5902767181396484,-46.328975677490234,1740752998.3511786,-0.7499372363090515,172
172,0.8018893003463745,172,0.3125,-48.4517822265625,0.8018893003463745,6718.675030469894,0.7334,9.711080639873591,-38.02003860473633,-0.14385849237442017,4.6473684210526316e-07,0.65,-44.66204071044922,-0.7515233755111694,1.6238915920257568,-42.018028259277344,1740753036.9397936,-0.6076648831367493,173
173,0.648205578327179,173,0.6875,-54.398284912109375,0.648205578327179,6757.338353872299,0.5982,8.614019197907366,-35.06343078613281,0.1297917366027832,4.6421052631578945e-07,0.66,-41.31890869140625,-0.6322866678237915,1.4619381427764893,-45.49382781982422,1740753075.603117,-0.7620784044265747,174
174,0.7066051959991455,174,0.375,-48.016014099121094,0.7066051959991455,6795.996123313904,0.5927,7.729350494256989,-32.915855407714844,0.0035514570772647858,4.636842105263158e-07,0.66,-38.52607727050781,-0.6956992745399475,1.6855381727218628,-39.615081787109375,1740753114.2608864,-0.6992507576942444,175
175,0.6473825573921204,175,0.75,-51.64359664916992,0.6473825573921204,6834.691744565964,0.6668,9.359131117744578,-37.05863571166992,0.19136792421340942,4.6315789473684207e-07,0.66,-43.49392318725586,-0.7096755504608154,1.6697934865951538,-43.65055847167969,1740753152.9565077,-0.9010435342788696,176
176,0.6372495293617249,176,0.5625,-50.06560516357422,0.6372495293617249,6873.4982817173,0.6287,8.564170372126414,-36.64850616455078,0.19646134972572327,4.6263157894736835e-07,0.67,-41.8995361328125,-0.5016146898269653,1.6228995323181152,-42.81170654296875,1740753191.7630448,-0.698076069355011,177
177,0.5941591858863831,177,0.8125,-42.92441177368164,0.5941591858863831,6912.27779173851,0.6094,7.92127350186864,-30.888992309570312,0.2374039590358734,4.6210526315789475e-07,0.67,-35.250362396240234,-0.5338440537452698,1.5843182802200317,-36.33986282348633,1740753230.5425549,-0.7712479829788208,178
178,0.5006111860275269,178,0.875,-51.407989501953125,0.5006111860275269,6951.162142276764,0.5785,8.229851339322193,-36.02991485595703,0.48707038164138794,4.6157894736842103e-07,0.68,-40.942420959472656,-0.4052082896232605,1.613717794418335,-43.11662292480469,1740753269.4269054,-0.8922786712646484,179
179,0.6009918451309204,179,0.875,-53.86944580078125,0.6009918451309204,6989.952886343002,0.6235,8.475415245274856,-38.882911682128906,0.2267322838306427,4.6105263157894737e-07,0.68,-45.129547119140625,-0.5054503679275513,1.4047472476959229,-45.191200256347656,1740753308.2176495,-0.7321827411651611,180
180,0.6351020336151123,180,0.6875,-54.82008743286133,0.6351020336151123,7028.766142845154,0.6105,8.623341853319983,-36.58567428588867,0.2398163378238678,4.6052631578947365e-07,0.68,-42.827369689941406,-0.651948869228363,1.5908201932907104,-45.76062774658203,1740753347.030906,-0.8917651176452637,181
181,0.6467716097831726,181,0.6875,-56.350502014160156,0.6467716097831726,7067.566846132278,0.6285,8.804229549016851,-40.04056930541992,0.19915618002414703,4.6e-07,0.69,-46.973602294921875,-0.660186767578125,1.718765139579773,-47.181888580322266,1740753385.8316092,-0.8593428730964661,182
182,0.7493728995323181,182,0.5,-43.11360549926758,0.7493728995323181,7106.243275880814,0.6536,8.776151448987592,-36.00312423706055,-0.03398752212524414,4.594736842105263e-07,0.69,-41.53236389160156,-0.5865883827209473,1.4564927816390991,-35.98121643066406,1740753424.508039,-0.5526008605957031,183
183,0.625321090221405,183,0.5625,-47.99714660644531,0.625321090221405,7145.119972705841,0.6299,8.27154145072396,-35.46947479248047,0.19424034655094147,4.5894736842105256e-07,0.69,-41.4781494140625,-0.6942660212516785,1.5520623922348022,-39.83397674560547,1740753463.3847358,-0.8885064125061035,184
184,0.6238256096839905,184,0.6875,-53.431854248046875,0.6238256096839905,7183.924021244049,0.6267,8.730814648868325,-37.31110382080078,0.2282228171825409,4.5842105263157895e-07,0.7,-43.291175842285156,-0.5867368578910828,1.5664551258087158,-45.31795120239258,1740753502.1887844,-0.8149596452713013,185
185,0.6523716449737549,185,0.625,-54.42361831665039,0.6523716449737549,7222.741672277451,0.6405,9.229493323391921,-36.42449188232422,0.17474843561649323,4.5789473684210523e-07,0.7,-42.91737365722656,-0.6571628451347351,1.6614331007003784,-45.90950012207031,1740753541.0064354,-0.8319113254547119,186
186,0.6221489310264587,186,0.6875,-51.890968322753906,0.6221489310264587,7261.397521734238,0.602,8.478575786077046,-36.864471435546875,0.19173908233642578,4.5736842105263157e-07,0.71,-43.052734375,-0.44831204414367676,1.600031852722168,-43.074947357177734,1740753579.6622849,-0.6400511264801025,187
187,0.5253406763076782,187,0.6875,-53.15894317626953,0.5253406763076782,7300.46931385994,0.5705,8.417584928965873,-37.0650634765625,0.5064747333526611,4.5684210526315786e-07,0.71,-43.31803894042969,-0.6519919633865356,1.7017278671264648,-43.44417190551758,1740753618.734077,-1.1584666967391968,188
188,0.6232742071151733,188,0.6875,-52.749778747558594,0.6232742071151733,7339.272819519043,0.6403,9.017044494620944,-37.46501159667969,0.28962618112564087,4.563157894736842e-07,0.71,-43.720970153808594,-0.6374271512031555,1.617215871810913,-44.467464447021484,1740753657.5375826,-0.9270532727241516,189
189,0.6369052529335022,189,0.625,-59.05834197998047,0.6369052529335022,7378.069663286209,0.6123,9.193593102744462,-39.47191619873047,0.21370992064476013,4.557894736842105e-07,0.72,-46.482078552246094,-0.6797894239425659,1.6712287664413452,-49.3000373840332,1740753696.3344264,-0.8934993147850037,190
190,0.6966282725334167,190,0.5,-48.65914535522461,0.6966282725334167,7416.908985376358,0.6443,9.238328820949793,-35.68257141113281,0.08023737370967865,4.5526315789473687e-07,0.72,-42.199615478515625,-0.6800258159637451,1.5240132808685303,-40.322265625,1740753735.1737485,-0.760263204574585,191
191,0.7004117965698242,191,0.5,-51.338233947753906,0.7004117965698242,7455.6011073589325,0.6817,9.28792513806952,-41.82772445678711,0.09095895290374756,4.5473684210526315e-07,0.73,-49.16785430908203,-0.9828829765319824,1.9855657815933228,-42.80323791503906,1740753773.8658705,-1.07384192943573,192
192,0.5432701110839844,192,0.75,-51.3626823425293,0.5432701110839844,7494.145219564438,0.6453,9.589046423736153,-41.22813415527344,0.39559680223464966,4.5421052631578944e-07,0.73,-48.465145111083984,-0.6694206595420837,1.8184423446655273,-42.29643630981445,1740753812.4099827,-1.0650174617767334,193
193,0.5111777186393738,193,0.6875,-56.38318634033203,0.5111777186393738,7532.88779425621,0.6152,9.503098146234816,-41.31462097167969,0.5810298323631287,4.536842105263158e-07,0.73,-48.3046989440918,-0.5952827334403992,1.9179229736328125,-46.60871887207031,1740753851.1525574,-1.1763126850128174,194
194,0.6376951336860657,194,0.625,-52.471099853515625,0.6376951336860657,7571.6019814014435,0.5802,9.07612570840128,-37.21928024291992,0.18996715545654297,4.5315789473684206e-07,0.74,-44.08164978027344,-0.9050636887550354,1.920623779296875,-42.474483489990234,1740753889.8667445,-1.0950309038162231,195
195,0.6956008076667786,195,0.5,-49.987998962402344,0.6956008076667786,7610.4218509197235,0.669,9.59916278930782,-37.9459228515625,0.05338373780250549,4.526315789473684e-07,0.74,-44.90843200683594,-0.5579500198364258,1.7286254167556763,-41.63615417480469,1740753928.686614,-0.6113337278366089,196
196,0.6078941822052002,196,0.625,-62.529090881347656,0.6078941822052002,7649.176140546799,0.5855,9.273399565598258,-44.101036071777344,0.3093440532684326,4.5210526315789474e-07,0.74,-51.188011169433594,-0.776563286781311,1.852368712425232,-51.98168182373047,1740753967.4409037,-1.0859073400497437,197
197,0.7287560701370239,197,0.5625,-51.02216720581055,0.7287560701370239,7687.656742334366,0.601,8.94835774829601,-33.144248962402344,0.0022621862590312958,4.5157894736842107e-07,0.75,-39.055110931396484,-0.8105544447898865,1.9131546020507812,-42.30370330810547,1740754005.9215055,-0.8128166198730469,198
198,0.6996438503265381,198,0.625,-49.839759826660156,0.6996438503265381,7726.17609834671,0.6232,9.15632344095191,-35.575008392333984,0.05161602050065994,4.5105263157894736e-07,0.75,-42.4576530456543,-0.6610945463180542,1.8070451021194458,-40.56962585449219,1740754044.4408615,-0.7127106189727783,199
199,0.5347241163253784,199,0.6875,-46.22467041015625,0.5347241163253784,7764.924370288849,0.6102,8.458321917999065,-34.847938537597656,0.45079872012138367,4.5052631578947364e-07,0.76,-40.591644287109375,-0.4729652404785156,1.547273874282837,-37.798606872558594,1740754083.1891334,-0.9237638711929321,200
200,0.6573613882064819,200,0.625,-52.88777160644531,0.6573613882064819,7803.6887810230255,0.6711,9.764395243411334,-38.07351303100586,0.13701879978179932,4.5e-07,0.76,-45.825286865234375,-0.7566400766372681,1.5450613498687744,-43.689109802246094,1740754121.9535441,-0.8936588168144226,201
201,0.552761971950531,201,0.8125,-50.12846374511719,0.552761971950531,7842.238554954529,0.5889,8.66218170210493,-35.994163513183594,0.4529329538345337,4.4947368421052626e-07,0.76,-43.063018798828125,-0.6758010983467102,1.601051926612854,-39.667911529541016,1740754160.503318,-1.1287341117858887,202
202,0.5264785885810852,202,0.75,-60.9326286315918,0.5264785885810852,7880.8327124118805,0.5197,8.47956980946344,-40.718223571777344,0.5496962070465088,4.4894736842105265e-07,0.77,-47.283348083496094,-0.8074807524681091,2.1071910858154297,-49.30292510986328,1740754199.0974755,-1.3571768999099731,203
