,_step,train/rewards/accuracies,train/logps/rejected,train/logits/rejected,_runtime,train/loss,train/grad_norm,train/rewards/margins,train/learning_rate,train/epoch,train/logps/chosen,train/rewards/chosen,train/logits/chosen,_timestamp,train/rewards/rejected,train/global_step
0,0,0.375,-80.1708984375,-0.473806232213974,61.358426867,0.7043,41.41304688644695,-0.02657107636332512,5.3191489361702125e-09,0.001068875676397889,-72.52117919921875,-0.016230136156082153,-0.4870505928993225,1740711484.0215077,0.01034094113856554,1
1,1,0.6875,-73.63436889648438,-0.5645174980163574,118.594361207,0.6885,42.08879143135983,-0.0005631409585475922,1.0638297872340425e-08,0.002137751352795778,-75.21163940429688,-0.0021673990413546562,-0.585478663444519,1740711541.2275367,-0.001604257384315133,2
2,2,0.6875,-85.48970031738281,-0.5231037735939026,178.47834625,0.697,44.58070631045432,0.013948355801403522,1.5957446808510635e-08,0.003206627029193667,-91.21743774414062,0.0020537571981549263,-0.5420963168144226,1740711601.1110773,-0.011894598603248596,3
3,3,0.5,-66.45990753173828,-0.5951277017593384,237.214313672,0.6983,43.54088936299219,-0.007560910657048225,2.127659574468085e-08,0.004275502705591556,-72.6298828125,-0.0027596261352300644,-0.512829065322876,1740711659.844942,0.004801283590495586,4
4,4,0.625,-54.68226623535156,-0.4568329453468323,296.174424251,0.6924,45.401089942808525,0.0006773860659450293,2.6595744680851062e-08,0.005344378381989445,-56.927093505859375,0.00474857073277235,-0.49734771251678467,1740711718.8126686,0.004071185365319252,5
5,5,0.625,-81.4980697631836,-0.5289866924285889,353.962246516,0.6905,41.68614956131625,0.000643774401396513,3.191489361702127e-08,0.006413254058387334,-82.70243835449219,0.00027447030879557133,-0.5605195760726929,1740711776.5989192,-0.00036930455826222897,6
6,6,0.3125,-95.1220474243164,-0.377605676651001,412.60631452,0.688,44.09394033776367,-0.001536309253424406,3.723404255319149e-08,0.007482129734785223,-94.41880798339844,-0.005566237960010767,-0.43190789222717285,1740711835.2428722,-0.004029928240925074,7
7,7,0.6875,-101.5150146484375,-0.47398650646209717,470.403808508,0.6955,58.16113271894658,0.007340228650718927,4.25531914893617e-08,0.008551005411183112,-100.10108184814453,0.002817189320921898,-0.5274503231048584,1740711893.0794554,-0.004523038398474455,8
8,8,0.5625,-73.2734375,-0.4813600182533264,528.600987768,0.6942,39.90925970098882,-0.006745557300746441,4.787234042553191e-08,0.009619881087581,-69.73291015625,0.0013083836529403925,-0.5667281746864319,1740711951.276707,0.008053941652178764,9
9,9,0.5625,-68.59366607666016,-0.5517908930778503,587.319330064,0.6943,44.506559727395896,-0.0032208473421633244,5.3191489361702123e-08,0.01068875676397889,-74.46144104003906,-0.005276346579194069,-0.6145078539848328,1740712009.994975,-0.0020554992370307446,10
10,10,0.375,-97.19762420654297,-0.5401099324226379,646.234255744,0.6966,47.51363579599961,0.00908716395497322,5.851063829787234e-08,0.011757632440376779,-91.23299407958984,0.0035544573329389095,-0.6776062250137329,1740712068.864572,-0.005532707087695599,11
11,11,0.5,-79.74362182617188,-0.5099760890007019,704.446363716,0.6929,46.76372085496319,0.0066519142128527164,6.382978723404254e-08,0.012826508116774668,-76.79814147949219,0.006327795796096325,-0.5067378878593445,1740712127.0839665,-0.00032411934807896614,12
12,12,0.5625,-84.95420837402344,-0.5104893445968628,763.33436717,0.689,46.769541508947476,0.017297489568591118,6.914893617021277e-08,0.013895383793172556,-81.7396240234375,0.008232326246798038,-0.5025652647018433,1740712185.9667838,-0.00906516332179308,13
13,13,0.25,-84.1738510131836,-0.4174349308013916,821.842326772,0.6932,43.57989757493798,-0.01832491159439087,7.446808510638298e-08,0.014964259469570446,-78.5432357788086,-0.01127014122903347,-0.4481053054332733,1740712244.4751892,0.007054769899696112,14
14,14,0.4375,-82.57096099853516,-0.6350672841072083,879.414372728,0.6948,45.84541689615458,-0.011121170595288277,7.978723404255319e-08,0.016033135145968335,-82.55616760253906,-0.001273385714739561,-0.5905235409736633,1740712302.0455678,0.009847785346210003,15
15,15,0.625,-76.43619537353516,-0.5300630331039429,937.466390449,0.6899,45.422008980037404,-0.003411935642361641,8.51063829787234e-08,0.017102010822366225,-82.15382385253906,0.005409154575318098,-0.4667513370513916,1740712360.0981994,0.008821089752018452,16
16,16,0.4375,-84.21488952636719,-0.5291897058486938,994.47441746,0.698,44.846886923950436,-0.005166089162230492,9.042553191489363e-08,0.018170886498764114,-88.1155014038086,0.0018426594324409962,-0.5602734088897705,1740712417.1114883,0.00700874999165535,17
17,17,0.625,-94.6897964477539,-0.46330633759498596,1052.618278313,0.6899,46.14720516784426,0.0025798925198614597,9.574468085106382e-08,0.019239762175162,-107.68633270263672,-0.0028649880550801754,-0.49904751777648926,1740712475.2556028,-0.00544488150626421,18
18,18,0.5,-78.43164825439453,-0.4994121491909027,1110.766284562,0.6958,56.779809621296295,-0.010205172002315521,1.0106382978723404e-07,0.02030863785155989,-85.93830871582031,-0.012303001247346401,-0.418846070766449,1740712533.4000282,-0.0020978287793695927,19
19,19,0.4375,-112.90771484375,-0.5599220991134644,1168.546363917,0.6983,45.7461043477037,-0.002167701255530119,1.0638297872340425e-07,0.02137751352795778,-107.92742919921875,-0.010104703716933727,-0.6747584939002991,1740712591.1811213,-0.007937001995742321,20
20,20,0.4375,-83.85223388671875,-0.5579895973205566,1227.698356758,0.6911,46.11815445555716,0.004649808630347252,1.1170212765957446e-07,0.02244638920435567,-87.67625427246094,0.014329243451356888,-0.6443789005279541,1740712650.3318732,0.009679434821009636,21
21,21,0.4375,-89.55844116210938,-0.5764320492744446,1290.042352287,0.6942,48.738000651397144,0.01966700702905655,1.1702127659574468e-07,0.023515264880753558,-78.24641418457031,0.01802765391767025,-0.6317843198776245,1740712712.6731398,-0.0016393526457250118,22
22,22,0.625,-68.1456527709961,-0.4271107316017151,1350.174475516,0.6967,46.24417268266459,-0.006035065744072199,1.2234042553191488e-07,0.024584140557151447,-71.71256256103516,-9.51327383518219e-05,-0.3415774405002594,1740712772.8157783,0.005939932074397802,23
23,23,0.625,-77.0877914428711,-0.5500220060348511,1408.390297249,0.6938,41.485156630889804,0.0070937504060566425,1.2765957446808508e-07,0.025653016233549337,-81.54502868652344,0.008980643004179,-0.5520610213279724,1740712831.0268865,0.0018868916667997837,24
24,24,0.4375,-88.70832061767578,-0.4527682065963745,1465.954357451,0.6908,44.55848662079479,-0.0011447565630078316,1.329787234042553e-07,0.026721891909947223,-93.04666137695312,0.004023206885904074,-0.45689186453819275,1740712888.5870674,0.0051679606549441814,25
25,25,0.5,-85.75859069824219,-0.5288004875183105,1525.366405642,0.6944,42.93105171500146,-0.011972757987678051,1.3829787234042553e-07,0.027790767586345112,-81.54823303222656,-0.0127900131046772,-0.5319409370422363,1740712947.9992776,-0.0008172560483217239,26
26,26,0.5625,-106.71981811523438,-0.5745192766189575,1585.218324965,0.6946,44.31293069164551,0.008447178639471531,1.4361702127659576e-07,0.028859643262743002,-101.93125915527344,-0.00019847042858600616,-0.6435461044311523,1740713007.8561146,-0.008645648136734962,27
27,27,0.375,-85.43515014648438,-0.5169512629508972,1656.322287374,0.6955,45.57874442619564,-0.020044568926095963,1.4893617021276595e-07,0.02992851893914089,-88.33063507080078,-0.00018446799367666245,-0.5967954993247986,1740713078.9618104,0.019860103726387024,28
28,28,0.375,-82.52993774414062,-0.5608515739440918,1714.046409976,0.6968,46.15009931262853,-0.02035645768046379,1.5425531914893615e-07,0.03099739461553878,-74.74568176269531,-0.004866986069828272,-0.6393980383872986,1740713136.6760361,0.015489470213651657,29
29,29,0.6875,-80.13296508789062,-0.4760168492794037,1772.118279146,0.6891,44.63138678236853,0.024867413565516472,1.5957446808510638e-07,0.03206627029193667,-82.56110382080078,-0.005022954661399126,-0.5785561800003052,1740713194.7561836,-0.02989037148654461,30
30,30,0.625,-90.87531280517578,-0.5453110933303833,1830.05834226,0.6893,46.058853178102204,0.009122157469391823,1.6489361702127658e-07,0.033135145968334556,-78.93354034423828,0.0003731297329068184,-0.6184556484222412,1740713252.693165,-0.008749029599130154,31
31,31,0.4375,-82.74312591552734,-0.5452717542648315,1888.482351645,0.6954,46.25624052038388,-0.0340438038110733,1.702127659574468e-07,0.03420402164473245,-94.81890106201172,-0.005387726705521345,-0.5117093920707703,1740713311.112547,0.02865607477724552,32
32,32,0.4375,-62.715576171875,-0.4216582775115967,1946.990372394,0.6938,40.844134029470545,0.004410775378346443,1.7553191489361703e-07,0.035272897321130335,-53.740840911865234,-0.0031107612885534763,-0.4874335527420044,1740713369.6211886,-0.007521538529545069,33
33,33,0.375,-91.4968490600586,-0.2995847165584564,2005.390341863,0.6997,48.49285645456287,-0.03099614381790161,1.8085106382978725e-07,0.03634177299752823,-83.0823974609375,-0.008504072204232216,-0.25535160303115845,1740713428.0294645,0.022492073476314545,34
34,34,0.5,-82.29051971435547,-0.5622463822364807,2062.294373264,0.6981,44.700991059393516,0.013228270225226879,1.8617021276595742e-07,0.037410648673926114,-86.73697662353516,0.010234854184091091,-0.4502273499965668,1740713484.9344711,-0.0029934141784906387,35
35,35,0.5,-76.7567138671875,-0.5696098804473877,2120.426396474,0.69,45.35461668271789,0.014983898028731346,1.9148936170212765e-07,0.038479524350324,-76.57879638671875,0.0076402053236961365,-0.4716763496398926,1740713543.1019442,-0.00734369270503521,36
36,36,0.4375,-65.22567749023438,-0.4389651417732239,2177.622592498,0.7038,41.87107120073282,-0.038835424929857254,1.9680851063829787e-07,0.03954840002672189,-52.22550964355469,-0.02028810977935791,-0.49312764406204224,1740713600.2981765,0.018547315150499344,37
37,37,0.625,-89.73832702636719,-0.45734158158302307,2235.626495911,0.6932,41.82337071206561,0.012869934551417828,2.0212765957446807e-07,0.04061727570311978,-92.69265747070312,0.001479846192523837,-0.583449125289917,1740713658.2579393,-0.011390087194740772,38
38,38,0.5,-70.28778076171875,-0.2983766794204712,2292.574282995,0.6919,44.659508477615425,-0.006715281866490841,2.074468085106383e-07,0.04168615137951767,-70.25965881347656,0.005075459368526936,-0.37772196531295776,1740713715.2060091,0.011790739372372627,39
39,39,0.5625,-95.9398193359375,-0.49632033705711365,2350.342395023,0.7001,45.238595318239554,-0.010311368852853775,2.127659574468085e-07,0.04275502705591556,-88.1092758178711,-0.0030857932288199663,-0.6448016166687012,1740713772.9732068,0.007225572597235441,40
40,40,0.3125,-79.53022003173828,-0.6418439149856567,2408.874394359,0.6973,45.26819291080221,-0.0019391574896872044,2.1808510638297872e-07,0.04382390273231345,-95.35574340820312,-0.0008807945996522903,-0.63297039270401,1740713831.508673,0.0010583638213574886,41
41,41,0.625,-60.21831130981445,-0.4438456892967224,2466.326424612,0.6901,44.97150444233087,-0.001168436836451292,2.2340425531914892e-07,0.04489277840871134,-64.95135498046875,-0.0024851502384990454,-0.49458789825439453,1740713888.9562013,-0.0013167141005396843,42
42,42,0.625,-78.0525131225586,-0.57224440574646,2523.390444993,0.691,46.16230507762406,0.015780633315443993,2.2872340425531914e-07,0.04596165408510922,-76.90935516357422,0.007474982179701328,-0.563109815120697,1740713946.0227134,-0.008305652067065239,43
43,43,0.4375,-61.859004974365234,-0.4647003710269928,2581.543825203,0.698,40.72364271982032,-0.009871273301541805,2.3404255319148937e-07,0.047030529761507116,-66.77108764648438,0.007564571686089039,-0.45607444643974304,1740714004.2195582,0.017435844987630844,44
44,44,0.4375,-104.43513488769531,-0.5103286504745483,2639.326326558,0.7006,43.29283388005055,-0.003965762443840504,2.393617021276596e-07,0.048099405437905,-104.13440704345703,-0.01031013485044241,-0.48320016264915466,1740714061.9583337,-0.006344372406601906,45
45,45,0.5,-87.76509094238281,-0.5900536179542542,2704.850477271,0.6931,46.33538296228862,-0.003853661473840475,2.4468085106382976e-07,0.049168281114302895,-78.16783905029297,-0.005977035500109196,-0.5267271399497986,1740714127.482358,-0.0021233712323009968,46
46,46,0.375,-79.10697174072266,-0.7495400309562683,2762.026349395,0.6906,41.66461095632765,-0.013277330435812473,2.5e-07,0.05023715679070078,-87.41992950439453,-0.021744219586253166,-0.6887714862823486,1740714184.6646163,-0.008466886356472969,47
47,47,0.5,-69.0066146850586,-0.5052124261856079,2820.366317265,0.6979,45.05046788844004,-0.010713834315538406,2.5531914893617016e-07,0.051306032467098674,-63.28511047363281,-0.01637854054570198,-0.5605612993240356,1740714242.9995008,-0.005664706230163574,48
48,48,0.4375,-68.70698547363281,-0.4102022349834442,2877.758554511,0.6967,44.37242397890827,-0.006204899400472641,2.6063829787234044e-07,0.05237490814349656,-64.99909973144531,-0.017706457525491714,-0.4505020081996918,1740714300.3915594,-0.011501556262373924,49
49,49,0.4375,-111.59112548828125,-0.4581602215766907,2936.39033537,0.6914,46.10926356896734,-0.005386266391724348,2.659574468085106e-07,0.053443783819894446,-126.8720474243164,-0.01475405041128397,-0.5307861566543579,1740714359.0295794,-0.009367784485220909,50
50,50,0.5,-85.35549926757812,-0.2916783392429352,2993.91034779,0.6935,42.96333989099445,-0.011637693271040916,2.7127659574468084e-07,0.05451265949629234,-78.4147720336914,-0.00854663085192442,-0.37516990303993225,1740714416.5439656,0.0030910626519471407,51
51,51,0.8125,-116.99275207519531,-0.6533198356628418,3050.498662413,0.6869,47.0790281263365,0.01826772466301918,2.7659574468085106e-07,0.055581535172690225,-113.91476440429688,-0.023352401331067085,-0.7329518795013428,1740714473.1742969,-0.041620124131441116,52
52,52,0.5625,-56.5141716003418,-0.4278898537158966,3109.084941721,0.6925,42.57671980417361,0.012288456782698631,2.8191489361702123e-07,0.05665041084908812,-64.90035247802734,0.00388886546716094,-0.3757047653198242,1740714531.7606556,-0.008399590849876404,53
53,53,0.5625,-84.9649658203125,-0.46680229902267456,3167.71066369,0.6842,43.95617038425632,0.018021583557128906,2.872340425531915e-07,0.057719286525486004,-78.44400024414062,0.00023270398378372192,-0.5117334127426147,1740714590.3863742,-0.017788875848054886,54
54,54,0.625,-59.06549072265625,-0.49020665884017944,3225.674373575,0.692,40.89456507027182,0.01021397765725851,2.925531914893617e-07,0.058788162201883896,-66.11614990234375,-0.0004890542477369308,-0.5064170360565186,1740714648.3131807,-0.010703032836318016,55
55,55,0.4375,-77.8542251586914,-0.6783312559127808,3283.514434878,0.6971,42.5973080839802,-0.017883513122797012,2.978723404255319e-07,0.05985703787828178,-80.53976440429688,-0.01768443174660206,-0.6654826402664185,1740714706.1447968,0.00019908201647922397,56
56,56,0.75,-91.8894271850586,-0.38892918825149536,3341.318418841,0.6801,44.59011551461585,0.046788521111011505,3.0319148936170213e-07,0.06092591355467967,-90.48516082763672,0.003552061039954424,-0.38263553380966187,1740714763.9498453,-0.04323645681142807,57
57,57,0.375,-82.74642944335938,-0.5458782911300659,3398.838343307,0.6928,43.91733327340977,-0.01674702763557434,3.085106382978723e-07,0.06199478923107756,-77.65374755859375,-0.01053678896278143,-0.4324820339679718,1740714821.4728308,0.0062102386727929115,58
58,58,0.375,-66.18463134765625,-0.4753851592540741,3455.226272491,0.6933,46.97014468289283,0.0008585508912801743,3.1382978723404253e-07,0.06306366490747545,-69.86727905273438,0.008888477459549904,-0.5665156245231628,1740714877.8606672,0.008029925636947155,59
59,59,0.5625,-51.14479446411133,-0.4827551543712616,3513.234464135,0.6916,42.24301660621717,0.0014947615563869476,3.1914893617021275e-07,0.06413254058387334,-59.66264343261719,0.0035611402709037066,-0.4284701645374298,1740714935.8664525,0.002066376619040966,60
60,60,0.5,-67.68852996826172,-0.49369752407073975,3569.918420989,0.6938,41.25439139187266,-0.019163008779287338,3.24468085106383e-07,0.06520141626027123,-72.88626098632812,-0.013717081397771835,-0.5047635436058044,1740714992.5500963,0.005445927381515503,61
61,61,0.75,-60.446739196777344,-0.32252898812294006,3627.958382781,0.6827,40.428369129373905,0.02565058507025242,3.2978723404255315e-07,0.06627029193666911,-53.37190246582031,0.0019101654179394245,-0.3722265064716339,1740715050.5882277,-0.023740416392683983,62
62,62,0.3125,-69.65656280517578,-0.3143952786922455,3686.86631715,0.6885,41.436729962037276,-0.023329706862568855,3.351063829787234e-07,0.067339167613067,-57.762630462646484,-0.028200199827551842,-0.4104478061199188,1740715109.5017767,-0.004870493896305561,63
63,63,0.5,-85.65557861328125,-0.5303938984870911,3745.490276777,0.6884,45.03276313385448,-0.0038978811353445053,3.404255319148936e-07,0.0684080432894649,-87.16545867919922,-0.004842068068683147,-0.5073215961456299,1740715168.1208627,-0.0009441880974918604,64
64,64,0.5625,-85.4349365234375,-0.5900722146034241,3803.606404133,0.6922,44.235110586061495,0.04569520428776741,3.457446808510638e-07,0.06947691896586278,-84.41688537597656,0.012733666226267815,-0.5864815711975098,1740715226.2390604,-0.032961539924144745,65
65,65,0.6875,-108.42483520507812,-0.40251970291137695,3864.566673591,0.6903,42.64479009907056,0.015181707218289375,3.5106382978723405e-07,0.07054579464226067,-100.47222900390625,0.004499375820159912,-0.580322802066803,1740715287.1983333,-0.010682333260774612,66
66,66,0.6875,-94.00636291503906,-0.5055806040763855,3924.206297917,0.6938,44.99406491774059,0.022922160103917122,3.563829787234042e-07,0.07161467031865856,-74.18049621582031,-0.007050238084048033,-0.5353802442550659,1740715346.8374283,-0.029972398653626442,67
67,67,0.5,-120.35110473632812,-0.5157933235168457,3983.886352744,0.6905,44.404499663004785,-0.005317715462297201,3.617021276595745e-07,0.07268354599505646,-83.95965576171875,-0.009645489975810051,-0.5853410363197327,1740715406.5192485,-0.00432777451351285,68
68,68,0.5,-78.33380126953125,-0.6131932735443115,4042.366299702,0.6896,43.61416565208193,0.008403916843235493,3.6702127659574467e-07,0.07375242167145434,-74.501708984375,-0.027382630854845047,-0.5707624554634094,1740715465.0043893,-0.035786550492048264,69
69,69,0.5,-98.21760559082031,-0.515347421169281,4101.5912929,0.6888,46.33528547014573,0.015813393518328667,3.7234042553191484e-07,0.07482129734785223,-93.04922485351562,-0.026095544919371605,-0.5996496081352234,1740715524.2669666,-0.04190893843770027,70
70,70,0.3125,-46.80513000488281,-0.47142359614372253,4161.642695383,0.6889,43.031300487117626,-0.014924424700438976,3.776595744680851e-07,0.07589017302425012,-50.591651916503906,-0.01483734231442213,-0.33029425144195557,1740715584.3182518,8.708226960152388e-05,71
71,71,0.4375,-100.0045394897461,-0.3244668245315552,4222.410475855,0.6876,46.211291405388295,-0.006031716242432594,3.829787234042553e-07,0.076959048700648,-88.69100189208984,-0.022996973246335983,-0.5544451475143433,1740715645.041332,-0.016965258866548538,72
72,72,0.5,-75.4659652709961,-0.7130767703056335,4282.306329891,0.6935,51.14471264572396,0.0039839413948357105,3.8829787234042547e-07,0.07802792437704589,-95.09688568115234,-0.006580229848623276,-0.6451651453971863,1740715704.9367297,-0.010564170777797699,73
73,73,0.625,-134.49656677246094,-0.5406443476676941,4346.626328354,0.6846,44.513103912814785,0.019906755536794662,3.9361702127659574e-07,0.07909680005344379,-96.77806091308594,0.0016903375508263707,-0.5197113156318665,1740715769.259603,-0.018216416239738464,74
74,74,0.625,-88.41924285888672,-0.35858604311943054,4409.902424073,0.6872,43.46192893641857,-0.0016931938007473946,3.989361702127659e-07,0.08016567572984168,-79.79651641845703,-0.025065230205655098,-0.38199448585510254,1740715832.5345838,-0.023372037336230278,75
75,75,0.4375,-70.95220947265625,-0.4457021951675415,4470.646498498,0.6846,44.76886265974123,-0.019834768027067184,4.0425531914893614e-07,0.08123455140623956,-79.54684448242188,-0.017234379425644875,-0.3812028169631958,1740715893.2791011,0.002600389299914241,76
76,76,0.4375,-78.55386352539062,-0.6798658967018127,4529.42233311,0.6939,41.81871532210149,0.004444860387593508,4.0957446808510637e-07,0.08230342708263745,-73.20318603515625,-0.023745357990264893,-0.5911887288093567,1740715952.0534909,-0.028190217912197113,77
77,77,0.8125,-88.45669555664062,-0.7751871943473816,4589.770281165,0.6893,45.08593143573343,0.04665890708565712,4.148936170212766e-07,0.08337230275903534,-87.30169677734375,0.00048579403664916754,-0.7650971412658691,1740716012.4013453,-0.046173110604286194,78
78,78,0.5,-52.147308349609375,-0.6569863557815552,4650.122445538,0.6913,42.534600079066905,-0.0021085478365421295,4.202127659574468e-07,0.08444117843543322,-54.798072814941406,-0.01003233715891838,-0.533389151096344,1740716072.7544973,-0.007923790253698826,79
79,79,0.5,-70.41300964355469,-0.6262664198875427,4710.10246843,0.6854,44.72249139863042,-0.0053034937009215355,4.25531914893617e-07,0.08551005411183112,-74.59940338134766,-0.03396237641572952,-0.6318247318267822,1740716132.7328417,-0.028658881783485413,80
80,80,0.5,-68.56278991699219,-0.4917444586753845,4769.31045955,0.6948,41.90735766436112,-0.014179990626871586,4.308510638297872e-07,0.08657892978822901,-75.73294067382812,-0.026601217687129974,-0.47024574875831604,1740716191.9420426,-0.01242122519761324,81
81,81,0.75,-54.702266693115234,-0.39240050315856934,4828.670328694,0.6883,40.11719344257263,0.014794380404055119,4.3617021276595744e-07,0.0876478054646269,-58.98369598388672,-0.0037870476953685284,-0.39293012022972107,1740716251.3067505,-0.018581431359052658,82
82,82,0.5625,-95.42843627929688,-0.5168426632881165,4888.674293296,0.682,45.74290221826851,0.020068280398845673,4.4148936170212766e-07,0.08871668114102478,-96.32991027832031,-0.011064205318689346,-0.5518413782119751,1740716311.3059394,-0.031132487580180168,83
83,83,0.4375,-114.43258666992188,-0.5877114534378052,4954.81842998,0.6904,45.62631359521611,-0.024360932409763336,4.4680851063829783e-07,0.08978555681742267,-92.9359130859375,-0.04329799860715866,-0.6658057570457458,1740716377.4507282,-0.018937066197395325,84
84,84,0.4375,-72.90191650390625,-0.4950849413871765,5015.002337179,0.6896,44.34143232472121,-0.025561034679412842,4.5212765957446806e-07,0.09085443249382057,-76.15663146972656,-0.04338343068957329,-0.5762770771980286,1740716437.6324375,-0.017822399735450745,85
85,85,0.625,-102.28597259521484,-0.5372118949890137,5076.062359126,0.6901,45.3950691049145,0.01966339722275734,4.574468085106383e-07,0.09192330817021845,-102.41151428222656,-0.04216695576906204,-0.6072021126747131,1740716498.6972039,-0.06183035299181938,86
86,86,0.625,-120.29202270507812,-0.26327618956565857,5135.654332231,0.6871,45.25089693136983,0.03898279741406441,4.6276595744680846e-07,0.09299218384661634,-110.83119201660156,-0.00400388240814209,-0.39064276218414307,1740716558.2851744,-0.0429866798222065,87
87,87,0.6875,-96.87537384033203,-0.6074800491333008,5194.218295016,0.6992,42.500973798635734,0.025829128921031952,4.6808510638297873e-07,0.09406105952301423,-86.59530639648438,-0.018924035131931305,-0.6155474185943604,1740716616.8492267,-0.04475316405296326,88
88,88,0.625,-72.02696228027344,-0.5889997482299805,5254.982333518,0.6887,45.528144904883526,0.02633698657155037,4.734042553191489e-07,0.09512993519941212,-72.1305160522461,-0.00879281759262085,-0.49458181858062744,1740716677.6168535,-0.03512980416417122,89
89,89,0.3125,-88.53419494628906,-0.42900556325912476,5321.070288043,0.6921,45.35212706182921,-0.007338302675634623,4.787234042553192e-07,0.09619881087581,-79.7446517944336,-0.037259358912706375,-0.3883572816848755,1740716743.7010996,-0.02992105856537819,90
90,90,0.5,-44.25447082519531,-0.541781485080719,5380.710453274,0.6845,41.713180448683026,0.00017693312838673592,4.840425531914893e-07,0.0972676865522079,-44.81714630126953,-0.030759837478399277,-0.5245130062103271,1740716803.34204,-0.030936770141124725,91
91,91,0.5625,-65.97943115234375,-0.39095669984817505,5440.354273359,0.6937,44.907184569206066,0.024553027004003525,4.893617021276595e-07,0.09833656222860579,-68.13678741455078,-0.009186315350234509,-0.355724960565567,1740716862.9836285,-0.03373934328556061,92
92,92,0.6875,-60.57234191894531,-0.5837528109550476,5500.17457066,0.6785,41.87143841573539,0.038904860615730286,4.946808510638298e-07,0.09940543790500367,-64.11328887939453,-0.00012323810369707644,-0.4578080475330353,1740716922.8049061,-0.0390281043946743,93
93,93,0.625,-97.87269592285156,-0.7003237009048462,5560.406317535,0.6703,43.20552299498554,0.033844757825136185,5e-07,0.10047431358140156,-88.11935424804688,-0.018506765365600586,-0.716569721698761,1740716983.0419607,-0.05235152319073677,94
94,94,0.5,-71.71331787109375,-0.48320138454437256,5619.714445117,0.692,44.16977095339811,0.0095883309841156,4.999982557157402e-07,0.10154318925779945,-70.19761657714844,-0.03370256349444389,-0.4886544644832611,1740717042.349688,-0.043290894478559494,95
95,95,0.6875,-97.19818115234375,-0.5463347434997559,5678.786363568,0.6835,43.64836059081054,0.03648306429386139,4.999930228873012e-07,0.10261206493419735,-102.61652374267578,-0.01654115505516529,-0.56942218542099,1740717101.424538,-0.05302421748638153,96
96,96,0.5,-81.71063232421875,-0.6082577109336853,5737.130511431,0.682,40.48882140791253,0.03578461706638336,4.999843015877032e-07,0.10368094061059523,-73.5130615234375,-0.03759397566318512,-0.5185865759849548,1740717159.7626286,-0.07337860018014908,97
97,97,0.5,-68.81185150146484,-0.6022092700004578,5797.218471331,0.6849,44.38401601084975,-0.017641786485910416,4.999720919386457e-07,0.10474981628699312,-70.2030029296875,-0.0464961975812912,-0.6027500629425049,1740717219.8510613,-0.028854412958025932,98
98,98,0.5,-105.86644744873047,-0.5553315877914429,5856.566305486,0.6907,50.067836323760005,0.02084929123520851,4.999563941105054e-07,0.10581869196339101,-103.5098876953125,-0.025088099762797356,-0.5791183710098267,1740717279.1969936,-0.045937392860651016,99
99,99,0.5625,-84.3421401977539,-0.6408061385154724,5915.718480616,0.7023,49.429428531136644,-0.01631207764148712,4.999372083223342e-07,0.10688756763978889,-84.91729736328125,-0.06677258759737015,-0.6179826259613037,1740717338.3502712,-0.050460513681173325,100
100,100,0.75,-84.7849349975586,-0.5809218883514404,5975.214516075,0.6816,46.71116461630509,0.028110932558774948,4.999145348418557e-07,0.10795644331618678,-86.50675964355469,-0.013501008972525597,-0.5155989527702332,1740717397.8485677,-0.041611943393945694,101
101,101,0.5625,-99.79611206054688,-0.6442282199859619,6034.43049343,0.6848,46.16758070543857,-0.0006978325545787811,4.99888373985462e-07,0.10902531899258468,-102.44572448730469,-0.04562664031982422,-0.5001937747001648,1740717457.065488,-0.04492880403995514,102
102,102,0.6875,-87.37840270996094,-0.6294686794281006,6095.158299381,0.6773,45.01421176971053,0.046747464686632156,4.998587261182088e-07,0.11009419466898257,-92.58361053466797,-0.027453124523162842,-0.5988322496414185,1740717517.7952404,-0.0742005854845047,103
103,103,0.625,-75.56114959716797,-0.486225426197052,6154.258335392,0.6841,43.80861334807679,0.010431313887238503,4.998255916538106e-07,0.11116307034538045,-63.3658332824707,-0.02075331285595894,-0.5969524383544922,1740717576.890072,-0.03118462860584259,104
104,104,0.5,-100.4237060546875,-0.4977121353149414,6215.118472385,0.6874,46.78779630315958,-0.00784237589687109,4.997889710546347e-07,0.11223194602177834,-94.76436614990234,-0.05921854451298714,-0.6747075319290161,1740717637.7545376,-0.05137617141008377,105
105,105,0.5,-86.90638732910156,-0.518541157245636,6274.734489866,0.693,47.95136627188605,0.011578105390071869,4.997488648316951e-07,0.11330082169817624,-87.62559509277344,-0.09367610514163971,-0.374512255191803,1740717697.366802,-0.10525421798229218,106
106,106,0.5,-51.29143524169922,-0.34094464778900146,6335.026348649,0.6755,41.21489345989001,0.0008749626576900482,4.997052735446449e-07,0.11436969737457411,-51.17947769165039,-0.0925249308347702,-0.356585294008255,1740717757.66305,-0.09339989721775055,107
107,107,0.625,-70.11857604980469,-0.5761803984642029,6395.002288037,0.6804,43.15625539667007,0.022758593782782555,4.99658197801769e-07,0.11543857305097201,-73.28840637207031,-0.05148382484912872,-0.5359135866165161,1740717817.6332953,-0.07424241304397583,108
108,108,0.625,-80.90814971923828,-0.40807175636291504,6454.366290828,0.6734,45.29083540851931,0.04188878834247589,4.996076382599751e-07,0.1165074487273699,-85.41368865966797,-0.019206997007131577,-0.49136364459991455,1740717876.9981415,-0.06109578534960747,109
109,109,0.625,-85.10751342773438,-0.654653787612915,6513.902419965,0.6799,47.2285915615344,0.023225929588079453,4.99553595624785e-07,0.11757632440376779,-83.21668243408203,-0.032796431332826614,-0.6011343598365784,1740717936.5341113,-0.05602235719561577,110
110,110,0.875,-77.73493194580078,-0.4152698516845703,6574.906256518,0.669,43.54117570342677,0.06816435605287552,4.994960706503243e-07,0.11864520008016567,-81.65254974365234,-0.03036828339099884,-0.3548148572444916,1740717997.5437024,-0.09853264689445496,111
111,111,0.625,-90.01532745361328,-0.5900712013244629,6634.72647645,0.6837,43.279403746253806,0.06748121976852417,4.994350641393125e-07,0.11971407575656356,-94.21733856201172,-0.02776375599205494,-0.5802950859069824,1740718057.3573415,-0.09524497389793396,112
112,112,0.625,-66.13020324707031,-0.367408812046051,6694.962276082,0.6824,45.81615244083002,0.05407542362809181,4.99370576943051e-07,0.12078295143296146,-62.80467987060547,-0.05051984265446663,-0.32404276728630066,1740718117.5969796,-0.10459527373313904,113
113,113,0.5625,-49.00117492675781,-0.41644027829170227,6755.130346542,0.6782,42.59366753413031,0.057998258620500565,4.993026099614119e-07,0.12185182710935934,-52.33251953125,-0.04707933962345123,-0.42076602578163147,1740718177.761667,-0.10507760941982269,114
114,114,0.6875,-51.95271301269531,-0.5561351776123047,6813.390470502,0.6757,45.15251511862195,0.012661835178732872,4.992311641428251e-07,0.12292070278575723,-51.91795349121094,-0.07687030732631683,-0.6273180246353149,1740718236.0213995,-0.08953214436769485,115
115,115,0.4375,-90.5749282836914,-0.5544599890708923,6873.014205954,0.6767,44.27154435065259,-0.0045736078172922134,4.991562404842649e-07,0.12398957846215512,-73.6150131225586,-0.06311508268117905,-0.6246472001075745,1740718295.6454961,-0.058541473001241684,116
116,116,0.5,-88.69108581542969,-0.5802534818649292,6932.918391087,0.6786,46.13741956980987,0.021635059267282486,4.990778400312369e-07,0.12505845413855302,-82.44802856445312,-0.1011708527803421,-0.6337546706199646,1740718355.550117,-0.12280590832233429,117
117,117,0.5625,-88.90478515625,-0.36569470167160034,6992.642401892,0.6807,44.56332773710104,0.031914062798023224,4.989959638777622e-07,0.1261273298149509,-87.36785888671875,-0.07658368349075317,-0.5249689221382141,1740718415.2764695,-0.1084977388381958,118
118,118,0.8125,-93.9797592163086,-0.5019100308418274,7053.318489574,0.6686,44.15736587008115,0.07040093094110489,4.989106131663634e-07,0.12719620549134877,-84.16150665283203,-0.09837842732667923,-0.48455214500427246,1740718475.9523184,-0.1687793731689453,119
119,119,0.5625,-68.9918212890625,-0.33792388439178467,7112.68759026,0.6625,41.4493241867094,0.10411201417446136,4.988217890880474e-07,0.12826508116774668,-66.1685791015625,-0.10326145589351654,-0.42612165212631226,1740718535.322409,-0.2073734551668167,120
120,120,0.6875,-78.05009460449219,-0.3686174750328064,7170.818248136,0.6877,44.73101888506202,0.052260469645261765,4.987294928822901e-07,0.12933395684414456,-79.99946594238281,-0.08000041544437408,-0.42490774393081665,1740718593.452314,-0.13226088881492615,121
121,121,0.75,-72.53356170654297,-0.3784756362438202,7231.102257307,0.6599,42.33239795523214,0.12580297887325287,4.986337258370177e-07,0.13040283252054247,-69.78923034667969,-0.037751756608486176,-0.31256747245788574,1740718653.7363493,-0.16355472803115845,122
122,122,0.625,-65.4614028930664,-0.6890989542007446,7289.85431815,0.6696,43.62771256754285,0.07337929308414459,4.985344892885899e-07,0.13147170819694035,-68.70664978027344,-0.09671149402856827,-0.6204403638839722,1740718712.488278,-0.17009079456329346,123
123,123,0.6875,-47.92559814453125,-0.5052405595779419,7350.734497706,0.6835,43.016312900364625,0.02785462886095047,4.984317846217808e-07,0.13254058387333822,-57.545257568359375,-0.015615910291671753,-0.503559947013855,1740718773.371903,-0.04347054287791252,124
124,124,0.4375,-82.732421875,-0.381819486618042,7409.542433233,0.6732,48.453726637184054,0.08797284215688705,4.983256132697594e-07,0.13360945954973613,-83.71428680419922,-0.03382980823516846,-0.5137896537780762,1740718832.1772928,-0.12180264294147491,125
125,125,0.75,-57.06193161010742,-0.5387668609619141,7468.554292874,0.6917,43.207692756954366,0.0529714897274971,4.982159767140698e-07,0.134678335226134,-66.14271545410156,-0.07743079960346222,-0.539339542388916,1740718891.186489,-0.13040228188037872,126
126,126,0.5625,-66.6832275390625,-0.5943475961685181,7527.13452675,0.68,43.642396414829236,-0.005378885194659233,4.981028764846106e-07,0.1357472109025319,-68.79625701904297,-0.10849050432443619,-0.5561849474906921,1740718949.7669785,-0.10311160981655121,127
127,127,0.625,-75.32035827636719,-0.5831508040428162,7587.122307798,0.6819,47.852186052918185,0.04151177778840065,4.979863141596135e-07,0.1368160865789298,-85.84554290771484,-0.11287836730480194,-0.5803272724151611,1740719009.7513592,-0.1543901413679123,128
128,128,0.625,-92.55918884277344,-0.6177703142166138,7647.486460805,0.6679,43.87662682896236,0.07644587755203247,4.97866291365621e-07,0.13788496225532768,-87.72881317138672,-0.17469853162765503,-0.5528950691223145,1740719070.1195471,-0.2511444091796875,129
129,129,0.625,-107.53669738769531,-0.6639763712882996,7706.69038063,0.6728,46.46083974375916,0.11316653341054916,4.97742809777464e-07,0.13895383793172555,-107.46064758300781,-0.16154585778713226,-0.6397420763969421,1740719129.3227172,-0.2747124135494232,130
130,130,0.75,-97.90583801269531,-0.8836582899093628,7766.902306766,0.6727,46.220086205772304,0.0986086055636406,4.976158711182386e-07,0.14002271360812346,-110.00123596191406,-0.15043488144874573,-0.7846309542655945,1740719189.5365987,-0.24904346466064453,131
131,131,0.6875,-82.11119842529297,-0.5002804398536682,7826.270295983,0.6533,42.437992687272924,0.13427503407001495,4.974854771592814e-07,0.14109158928452134,-62.3252067565918,-0.07649607956409454,-0.5324732065200806,1740719248.9041903,-0.2107710987329483,132
132,132,0.4375,-90.5069808959961,-0.6718424558639526,7887.33447092,0.6735,51.03317796753581,0.059097886085510254,4.973516297201458e-07,0.14216046496091922,-87.12068939208984,-0.30779051780700684,-0.6170128583908081,1740719309.9675422,-0.3668884038925171,133
133,133,0.5625,-66.1380386352539,-0.5593631863594055,7947.31431019,0.6919,42.78264613278869,0.008674975484609604,4.972143306685754e-07,0.14322934063731713,-74.43128967285156,-0.12509234249591827,-0.4079565107822418,1740719369.946959,-0.13376732170581818,134
134,134,0.75,-93.81725311279297,-0.43955695629119873,8007.390344575,0.6666,48.88354074955491,0.07083696871995926,4.970735819204788e-07,0.144298216313715,-89.00848388671875,-0.12371791899204254,-0.6006692051887512,1740719430.0225663,-0.1945548802614212,135
135,135,0.5625,-87.56919860839844,-0.7249144911766052,8074.422350335,0.694,48.88880404664647,0.08261526376008987,4.969293854399026e-07,0.1453670919901129,-91.46183013916016,-0.1471862643957138,-0.6370061635971069,1740719497.0580454,-0.2298015058040619,136
136,136,0.625,-97.71815490722656,-0.3154255151748657,8134.726390328,0.6966,48.82242883476263,0.019277971237897873,4.967817432390041e-07,0.1464359676665108,-104.67274475097656,-0.16542606055736542,-0.3731001019477844,1740719557.3607943,-0.18470405042171478,137
137,137,0.6875,-63.82374954223633,-0.3909800052642822,8194.426472135,0.6507,43.57898293117149,0.10430997610092163,4.966306573780231e-07,0.14750484334290867,-61.37272644042969,-0.03449244052171707,-0.45573392510414124,1740719617.058196,-0.1388024091720581,138
138,138,0.375,-70.56532287597656,-0.4734816551208496,8253.426449727,0.6707,46.52389658958882,-0.03180127590894699,4.964761299652529e-07,0.14857371901930658,-62.52361297607422,-0.12584030628204346,-0.48604121804237366,1740719676.0570357,-0.09403903037309647,139
139,139,0.6875,-79.47637939453125,-0.4402479827404022,8311.718442794,0.6612,43.61156239896365,0.0557233951985836,4.963181631570116e-07,0.14964259469570446,-76.82960510253906,-0.13929268717765808,-0.4820849299430847,1740719734.3483953,-0.1950160712003708,140
140,140,0.5625,-99.23882293701172,-0.47500574588775635,8371.578347532,0.6799,70.71216749741542,0.0612356960773468,4.961567591576111e-07,0.15071147037210234,-104.80465698242188,-0.166002094745636,-0.5231016874313354,1740719794.2113533,-0.22723780572414398,141
141,141,0.5625,-83.69570922851562,-0.515312910079956,8432.474252065,0.6795,42.90178125603625,0.003245243802666664,4.959919202193272e-07,0.15178034604850024,-92.2732925415039,-0.16622294485569,-0.4239533841609955,1740719855.104971,-0.16946817934513092,142
142,142,0.625,-85.37440490722656,-0.44664034247398376,8492.794392097,0.6929,45.76861074080728,0.12453478574752808,4.958236486423676e-07,0.15284922172489812,-83.21414184570312,-0.10068502277135849,-0.5207177400588989,1740719915.4242766,-0.22521980106830597,143
143,143,0.5,-67.30635070800781,-0.43213704228401184,8552.498361637,0.6537,41.84518239263577,0.0605161190032959,4.9565194677484e-07,0.153918097401296,-64.17997741699219,-0.04991064593195915,-0.5334939956665039,1740719975.1290166,-0.11042676866054535,144
144,144,0.625,-89.11796569824219,-0.7099441885948181,8612.2983746,0.686,45.483396277331835,0.08649223297834396,4.954768170127194e-07,0.1549869730776939,-78.99256134033203,-0.058588430285453796,-0.5985062122344971,1740720034.9349504,-0.14508064091205597,145
145,145,0.6875,-85.687255859375,-0.4523180425167084,8673.666288293,0.6794,45.73743350425278,0.08086911588907242,4.952982617998142e-07,0.15605584875409179,-84.2699203491211,-0.3122856616973877,-0.3666270971298218,1740720096.2965286,-0.3931547999382019,146
146,146,0.5625,-95.52926635742188,-0.40132927894592285,8734.006472412,0.6989,51.7345333562403,0.03588402271270752,4.951162836277332e-07,0.15712472443048967,-109.07935333251953,-0.19393695890903473,-0.3263910710811615,1740720156.636721,-0.22982096672058105,147
147,147,0.4375,-64.07199096679688,-0.5466347932815552,8793.446498959,0.6699,41.81449100142713,0.0063913799822330475,4.949308850358493e-07,0.15819360010688757,-65.16400909423828,-0.1445932537317276,-0.5003332495689392,1740720216.0778537,-0.15098464488983154,148
148,148,0.5625,-83.68360137939453,-0.5496299862861633,8852.846418517,0.6453,45.7253231385016,0.07664310932159424,4.947420686112657e-07,0.15926247578328545,-83.05394744873047,-0.10543348640203476,-0.47859182953834534,1740720275.4797513,-0.1820765882730484,149
149,149,0.75,-64.68175506591797,-0.6040810346603394,8911.850395513,0.683,48.8464490851469,0.07452480494976044,4.94549836988778e-07,0.16033135145968336,-58.74684143066406,-0.12182284146547318,-0.5412359833717346,1740720334.484051,-0.19634763896465302,150
150,150,0.3125,-102.90896606445312,-0.5973659157752991,8971.234459009,0.7044,52.18284485438071,-0.028110280632972717,4.943541928508394e-07,0.16140022713608124,-105.80140686035156,-0.18619392812252045,-0.5975399017333984,1740720393.8687978,-0.15808366239070892,151
151,151,0.6875,-59.572566986083984,-0.5918875932693481,9031.090290659,0.6922,41.470006965622396,0.05488104000687599,4.941551389275217e-07,0.16246910281247912,-62.0017204284668,-0.05172030255198479,-0.47322267293930054,1740720453.7256813,-0.10660134255886078,152
152,152,0.6875,-72.99626159667969,-0.5786287784576416,9089.042492711,0.676,46.63667744517566,0.1110573336482048,4.939526779964777e-07,0.16353797848887702,-82.59121704101562,-0.1215159222483635,-0.4343647360801697,1740720511.6736524,-0.2325732707977295,153
153,153,0.5625,-73.1522445678711,-0.26545119285583496,9147.590286115,0.6633,43.93471244685024,0.18037211894989014,4.93746812882903e-07,0.1646068541652749,-70.44929504394531,-0.08891598880290985,-0.2723637521266937,1740720570.2219157,-0.2692881226539612,154
154,154,0.875,-70.17562866210938,-0.3772563338279724,9207.238318996,0.6447,39.421027366485326,0.18372762203216553,4.935375464594956e-07,0.16567572984167278,-77.68885040283203,-0.024817846715450287,-0.32970529794692993,1740720629.8690057,-0.2085454761981964,155
155,155,0.875,-58.484901428222656,-0.4727669954299927,9265.998452011,0.671,45.85582383376629,0.13406677544116974,4.933248816464167e-07,0.1667446055180707,-60.573211669921875,-0.019867604598402977,-0.5823769569396973,1740720688.630929,-0.15393438935279846,156
156,156,0.5,-86.43012237548828,-0.6055798530578613,9324.530259155,0.6709,46.119206785280035,0.04886387661099434,4.931088214112493e-07,0.16781348119446857,-91.01052856445312,-0.15150023996829987,-0.5275439023971558,1740720747.1624105,-0.2003641128540039,157
157,157,0.4375,-67.05523681640625,-0.5071685314178467,9384.702217364,0.6689,47.11612714543011,0.16441501677036285,4.928893687689571e-07,0.16888235687086645,-72.97325897216797,-0.11627399921417236,-0.527096688747406,1740720807.3350816,-0.2806890308856964,158
158,158,0.6875,-82.20980072021484,-0.492992639541626,9444.022502763,0.6595,43.47212172906629,0.07073603570461273,4.926665267818425e-07,0.16995123254726435,-90.80267333984375,-0.1358439028263092,-0.44410693645477295,1740720866.6593583,-0.20657995343208313,159
159,159,0.5625,-89.74797058105469,-0.5402116179466248,9501.867240021,0.6862,46.28143408198143,0.07565061002969742,4.924402985595037e-07,0.17102010822366223,-86.99980926513672,-0.14193733036518097,-0.4655208885669708,1740720924.5416548,-0.21758794784545898,160
160,160,0.625,-120.90833282470703,-0.32209646701812744,9563.222463056,0.6538,48.76212984003563,0.03386369347572327,4.922106872587913e-07,0.1720889839000601,-107.98931884765625,-0.24804291129112244,-0.4670281708240509,1740720985.861943,-0.2819066047668457,161
161,161,0.4375,-83.09564208984375,-0.5581875443458557,9623.690325829,0.6929,45.38275404503642,-0.011265914887189865,4.91977696083764e-07,0.17315785957645802,-84.35507202148438,-0.23181992769241333,-0.46613702178001404,1740721046.3213394,-0.22055402398109436,162
162,162,0.625,-78.62483978271484,-0.3949936032295227,9682.898433824,0.7004,44.49043108857607,0.02764621563255787,4.91741328285645e-07,0.1742267352528559,-76.27119445800781,-0.13053718209266663,-0.4866729974746704,1740721105.531722,-0.15818338096141815,163
163,163,0.8125,-78.8035659790039,-0.5381537675857544,9742.846528904,0.6424,44.373760720737074,0.07644763588905334,4.915015871627751e-07,0.1752956109292538,-74.09825134277344,-0.13037517666816711,-0.5324955582618713,1740721165.4784648,-0.20682281255722046,164
164,164,0.6875,-92.86094665527344,-0.5306643843650818,9802.602437616,0.6734,46.898661246014065,0.14129143953323364,4.912584760605676e-07,0.17636448660565168,-84.57673645019531,-0.13630566000938416,-0.7122145891189575,1740721225.2364423,-0.2775970995426178,165
165,165,0.625,-91.1683349609375,-0.4779069423675537,9861.626372769,0.6527,48.39558879275502,0.1691308170557022,4.910119983714616e-07,0.17743336228204956,-90.60467529296875,-0.17557331919670105,-0.519665539264679,1740721284.3020341,-0.34470415115356445,166
166,166,0.5,-113.13200378417969,-0.5650697946548462,9920.836000841,0.664,47.47379735204865,0.03694966435432434,4.907621575348742e-07,0.17850223795844747,-107.06887817382812,-0.13494673371315002,-0.6742099523544312,1740721343.5117846,-0.17189639806747437,167
167,167,0.75,-87.25033569335938,-0.5652615427970886,9980.84171857,0.6795,44.48901562882656,0.08924153447151184,4.90508957037153e-07,0.17957111363484535,-91.95895385742188,-0.1868765652179718,-0.4198756217956543,1740721403.517365,-0.27611809968948364,168
168,168,0.5,-98.77371215820312,-0.6378183364868164,10040.390231838,0.6652,45.126408449456484,0.04932072386145592,4.90252400411527e-07,0.18063998931124323,-98.07467651367188,-0.1472957283258438,-0.6102269291877747,1740721463.0658245,-0.19661644101142883,169
169,169,0.75,-71.11135864257812,-0.3803322911262512,10100.430371083,0.6619,49.89811813907138,0.09002162516117096,4.899924912380578e-07,0.18170886498764113,-67.73503112792969,-0.1542772352695465,-0.47598975896835327,1740721523.1059136,-0.24429884552955627,170
170,170,0.625,-76.01034545898438,-0.5279130935668945,10160.398209847,0.6567,43.29606301444929,0.09014065563678741,4.897292331435892e-07,0.182777740664039,-73.03116607666016,-0.13540160655975342,-0.5686473250389099,1740721583.073735,-0.22554227709770203,171
171,171,0.6875,-100.7293701171875,-0.26704835891723633,10220.853090137,0.6885,55.60643624285296,0.07695888727903366,4.894626298016969e-07,0.1838466163404369,-98.617431640625,-0.19796888530254364,-0.2956402599811554,1740721643.5287662,-0.2749277949333191,172
172,172,0.875,-85.61014556884766,-0.4551439881324768,10280.107290753,0.6269,46.71270865327279,0.1758769005537033,4.891926849326368e-07,0.1849154920168348,-70.95890045166016,-0.13366229832172394,-0.5177677869796753,1740721702.7828717,-0.30953916907310486,173
173,173,0.375,-104.71600341796875,-0.4095695912837982,10339.309815297,0.6655,45.92383588474432,-0.026535168290138245,4.889194023032938e-07,0.18598436769323268,-93.16069030761719,-0.2600573003292084,-0.37924277782440186,1740721761.9853585,-0.23352213203907013,174
174,174,0.625,-83.8183364868164,-0.6482874751091003,10397.797963057,0.6463,43.574311790168316,0.04942689836025238,4.886427857271284e-07,0.18705324336963056,-88.98834991455078,-0.18525974452495575,-0.562707245349884,1740721820.4736264,-0.23468664288520813,175
175,175,0.625,-64.24702453613281,-0.4846976101398468,10457.672288123,0.6402,41.872576803792924,0.12548531591892242,4.883628390641242e-07,0.18812211904602846,-60.83909606933594,-0.13373243808746338,-0.4961157441139221,1740721880.3479795,-0.259217768907547,176
176,176,0.6875,-88.32830810546875,-0.4679147005081177,10517.731402686,0.6615,46.236988534570465,0.13589629530906677,4.880795662207338e-07,0.18919099472242634,-73.22030639648438,-0.13584575057029724,-0.5584799647331238,1740721940.4071262,-0.271742045879364,177
177,177,0.5625,-80.46920013427734,-0.6127310395240784,10576.446301593,0.654,44.445767095588124,0.12586000561714172,4.87792971149824e-07,0.19025987039882425,-77.63250732421875,-0.21032842993736267,-0.5653226375579834,1740721999.0790303,-0.3361884653568268,178
178,178,0.75,-101.35897827148438,-0.5359383821487427,10636.782363197,0.6472,44.77612724647462,0.09953772276639938,4.875030578506209e-07,0.19132874607522213,-114.16670989990234,-0.15801838040351868,-0.6145740747451782,1740722059.4130888,-0.25755611062049866,179
179,179,0.75,-104.091552734375,-0.5472060441970825,10702.842505685,0.6697,44.84424165734642,0.13752146065235138,4.872098303686543e-07,0.19239762175162,-99.2264633178711,-0.18475337326526642,-0.6489670276641846,1740722125.4730473,-0.3222748339176178,180
180,180,0.5625,-69.93392944335938,-0.5775823593139648,10762.738453857,0.6169,44.66990580939259,0.02271229587495327,4.869132927957006e-07,0.19346649742801791,-73.08576202392578,-0.2597370743751526,-0.5648021697998047,1740722185.3711526,-0.2824493944644928,181
181,181,0.5,-75.31023406982422,-0.45536357164382935,10822.750298218,0.6646,51.27229774564064,0.09794637560844421,4.866134492697266e-07,0.1945353731044158,-69.74921417236328,-0.16496683657169342,-0.44978460669517517,1740722245.3832524,-0.26291322708129883,182
182,182,0.5,-96.66110229492188,-0.604627251625061,10882.43832763,0.679,44.43544684134832,0.04520466551184654,4.863103039748308e-07,0.19560424878081367,-84.4091567993164,-0.2325204610824585,-0.6270161867141724,1740722305.0707648,-0.27772513031959534,183
183,183,0.3125,-82.09439849853516,-0.5845189094543457,10943.538426163,0.7454,54.35848926661523,-0.2141391783952713,4.860038611411861e-07,0.19667312445721158,-84.23499298095703,-0.39241141080856323,-0.5273590087890625,1740722366.177674,-0.17827218770980835,184
184,184,0.375,-74.37018585205078,-0.5279285907745361,11004.226421627,0.6564,44.68782953928674,-0.03793967142701149,4.856941250449794e-07,0.19774200013360946,-84.41620635986328,-0.3255763053894043,-0.5397989749908447,1740722426.8587172,-0.2876366078853607,185
185,185,0.75,-83.49310302734375,-0.6392827033996582,11063.81030052,0.6757,44.565666768262226,0.1265379786491394,4.853811000083534e-07,0.19881087581000734,-76.40972137451172,-0.19856329262256622,-0.5053231120109558,1740722486.4437642,-0.3251012861728668,186
186,186,0.75,-85.54568481445312,-0.6525815725326538,11123.050384647,0.6234,44.387310965704486,0.20196355879306793,4.85064790399345e-07,0.19987975148640524,-90.66848754882812,-0.13086436688899994,-0.6231853365898132,1740722545.681468,-0.33282792568206787,187
187,187,0.5,-67.96257019042969,-0.568001389503479,11182.29034711,0.7014,45.84745357477765,-0.029403841122984886,4.847452006318253e-07,0.20094862716280312,-76.73479461669922,-0.2660485506057739,-0.5193867087364197,1740722604.9230297,-0.2366447150707245,188
188,188,0.6875,-50.582855224609375,-0.5789964199066162,11241.072690123,0.6497,44.97834509119176,0.1599309742450714,4.844223351654375e-07,0.202017502839201,-52.855674743652344,-0.18688735365867615,-0.6188464164733887,1740722663.7484038,-0.34681832790374756,189
189,189,0.6875,-87.41896057128906,-0.6306697130203247,11300.715248159,0.6292,45.315922664964916,0.08533255755901337,4.840961985055348e-07,0.2030863785155989,-85.79580688476562,-0.22889967262744904,-0.6762850284576416,1740722723.3909998,-0.3142322599887848,190
190,190,0.5625,-106.88431549072266,-0.47188690304756165,11361.219689679,0.6625,45.94813677107223,0.16421273350715637,4.837667952031176e-07,0.2041552541919968,-99.53321838378906,-0.31783097982406616,-0.49198752641677856,1740722783.8953516,-0.4820437431335449,191
191,191,0.8125,-75.09075927734375,-0.6543649435043335,11421.931391544,0.6589,42.720242210498355,0.08334580063819885,4.834341298547697e-07,0.2052241298683947,-76.65707397460938,-0.2257121056318283,-0.6074700951576233,1740722844.607033,-0.30905789136886597,192
192,192,0.6875,-76.75296020507812,-0.5829968452453613,11488.610484508,0.6581,46.76444526933481,0.18415893614292145,4.830982071025948e-07,0.20629300554479257,-72.54287719726562,-0.19652605056762695,-0.6567306518554688,1740722911.2424867,-0.3806850016117096,193
193,193,0.625,-71.55654907226562,-0.6097445487976074,11546.474266831,0.6865,42.335110708259904,0.06777220219373703,4.827590316341508e-07,0.20736188122119045,-69.96014404296875,-0.15693244338035583,-0.5389079451560974,1740722969.1127243,-0.22470465302467346,194
194,194,0.625,-61.78790283203125,-0.48928970098495483,11605.386481192,0.6489,40.91928783864369,0.06852474808692932,4.824166081823852e-07,0.20843075689758836,-63.40944290161133,-0.22080451250076294,-0.501431405544281,1740723028.0171254,-0.28932926058769226,195
195,195,0.625,-117.09634399414062,-0.39292728900909424,11664.806696602,0.6375,48.11091495138127,0.32061460614204407,4.820709415255689e-07,0.20949963257398624,-102.00094604492188,-0.18181182444095612,-0.6535000205039978,1740723087.4359393,-0.5024264454841614,196
196,196,0.5625,-66.52085876464844,-0.5527286529541016,11724.354331934,0.6705,46.50530858285486,0.08181248605251312,4.817220364872289e-07,0.21056850825038412,-61.87732696533203,-0.3705732822418213,-0.5447271466255188,1740723146.9885964,-0.452385812997818,197
197,197,0.5,-82.24581146240234,-0.42603763937950134,11783.186312357,0.6685,50.696294899389386,0.06462190300226212,4.813698979360819e-07,0.21163738392678202,-84.7819595336914,-0.23121246695518494,-0.38181594014167786,1740723205.8161762,-0.29583433270454407,198
198,198,0.625,-70.04228210449219,-0.5736488699913025,11841.893038579,0.6726,44.294010435508106,0.025258101522922516,4.810145307859656e-07,0.2127062596031799,-61.70476531982422,-0.4094211459159851,-0.5062370300292969,1740723264.5686357,-0.4346792697906494,199
199,199,0.5,-103.20182800292969,-0.5993461608886719,11901.476843519,0.6682,50.209588211563734,-0.006027832627296448,4.806559399957708e-07,0.21377513527957778,-99.87443542480469,-0.3788338601589203,-0.5837934613227844,1740723324.1524415,-0.37280604243278503,200
200,200,0.6875,-133.4341278076172,-0.47593018412590027,11962.714355158,0.6283,48.3628395856516,0.23727154731750488,4.802941305693716e-07,0.2148440109559757,-117.89794921875,-0.3029409348964691,-0.4632759690284729,1740723385.346844,-0.5402124524116516,201
201,201,0.5625,-84.26029205322266,-0.5127531290054321,12021.688657891,0.6575,46.22899763443786,0.08521047979593277,4.799291075555559e-07,0.21591288663237357,-79.37323760986328,-0.2944565415382385,-0.5930440425872803,1740723444.3642788,-0.3796669840812683,202
202,202,0.8125,-99.46319580078125,-0.659734308719635,12081.217104707,0.6337,46.78914010544904,0.29927921295166016,4.795608760479547e-07,0.21698176230877145,-98.32467651367188,-0.31245332956314087,-0.7586629390716553,1740723503.8927407,-0.6117326021194458,203
203,203,0.8125,-103.1852035522461,-0.4509730637073517,12140.865192197,0.6291,45.25176285971575,0.1935955286026001,4.791894411849717e-07,0.21805063798516935,-90.19438171386719,-0.2502758800983429,-0.46236294507980347,1740723563.540884,-0.443871408700943,204
204,204,0.5,-77.27424621582031,-0.5498795509338379,12200.67153676,0.6572,44.80974688118315,0.05483154207468033,4.788148081497105e-07,0.21911951366156723,-65.14024353027344,-0.18759968876838684,-0.5926979184150696,1740723623.3472176,-0.24243123829364777,205
205,205,0.75,-71.92161560058594,-0.33047327399253845,12260.328856482,0.672,45.77127254834835,0.1117824986577034,4.784369821699034e-07,0.22018838933796514,-68.59964752197266,-0.25685566663742065,-0.4354633688926697,1740723683.0044014,-0.36863812804222107,206
206,206,0.6875,-108.29920196533203,-0.6492027640342712,12319.328522774,0.6662,48.20236238650071,0.36897483468055725,4.780559685178376e-07,0.22125726501436302,-101.64681243896484,-0.3367038071155548,-0.6210218071937561,1740723742.0041108,-0.7056787014007568,207
207,207,0.5,-69.63668060302734,-0.5231285095214844,12378.291532782,0.6626,41.65808579891395,-0.0008576689288020134,4.776717725102819e-07,0.2223261406907609,-72.16549682617188,-0.36461740732192993,-0.5383279919624329,1740723800.967347,-0.36375972628593445,208
208,208,0.4375,-60.74678039550781,-0.45513424277305603,12438.678093227,0.6743,45.94941175553711,0.011326715350151062,4.772843995084128e-07,0.2233950163671588,-58.43548583984375,-0.28287333250045776,-0.5539343357086182,1740723861.353802,-0.29420006275177,209
209,209,0.6875,-72.72416687011719,-0.5079691410064697,12497.539652688,0.6656,43.014620813844964,0.033558011054992676,4.768938549177392e-07,0.22446389204355668,-66.22547149658203,-0.39225003123283386,-0.5678525567054749,1740723920.2153077,-0.42580801248550415,210
210,210,0.625,-85.03546905517578,-0.52180016040802,12555.542733318,0.6703,48.16469290522819,0.1381855309009552,4.765001441880276e-07,0.22553276771995456,-82.46415710449219,-0.254258394241333,-0.4763262867927551,1740723978.175842,-0.3924439251422882,211
211,211,0.6875,-95.18179321289062,-0.7062726020812988,12615.474246938,0.6856,46.36649075578529,0.061737362295389175,4.7610327281322526e-07,0.22660164339635247,-94.5474853515625,-0.44579654932022095,-0.671746015548706,1740724038.107151,-0.507533848285675,212
212,212,0.625,-66.6495361328125,-0.5534164905548096,12675.086381373,0.6563,47.99849278539548,0.12807102501392365,4.7570324633138414e-07,0.22767051907275035,-65.16265106201172,-0.33664751052856445,-0.4993031620979309,1740724097.718947,-0.4647185802459717,213
213,213,0.625,-75.5524673461914,-0.3602293133735657,12734.630376371,0.6419,42.60493257789463,0.12561193108558655,4.753000703245834e-07,0.22873939474914823,-75.78319549560547,-0.2582000195980072,-0.4327596127986908,1740724157.2650573,-0.38381195068359375,214
214,214,0.875,-134.7646026611328,-0.6966040134429932,12794.186433403,0.6226,43.333225357047944,0.3015649616718292,4.748937504188516e-07,0.22980827042554614,-109.38172912597656,-0.22645622491836548,-0.6933278441429138,1740724216.8191764,-0.5280211567878723,215
215,215,0.625,-97.64925384521484,-0.4048064351081848,12854.374289125,0.6394,45.62170684936004,0.18872974812984467,4.74484292284088e-07,0.23087714610194401,-87.37818145751953,-0.36875975131988525,-0.4303329586982727,1740724277.0059948,-0.5574895143508911,216
216,216,0.75,-104.55799865722656,-0.6334104537963867,12913.970392285,0.6134,46.566227939972784,0.2833627164363861,4.740717016339837e-07,0.2319460217783419,-92.94309997558594,-0.387850821018219,-0.6861705780029297,1740724336.6058574,-0.6712135672569275,217
217,217,0.5625,-86.28099060058594,-0.6129744648933411,12973.05827951,0.6133,46.49541618811102,0.23872804641723633,4.7365598422594166e-07,0.2330148974547398,-95.93365478515625,-0.22460240125656128,-0.5269237756729126,1740724395.6936994,-0.46333047747612,218
218,218,0.625,-92.36145782470703,-0.3793552815914154,13034.014432591,0.6138,47.396088808894234,0.14347384870052338,4.7323714586099654e-07,0.23408377313113768,-88.68550109863281,-0.31012776494026184,-0.40901294350624084,1740724456.646112,-0.4536016285419464,219
219,219,0.625,-87.72915649414062,-0.6197148561477661,13093.19854841,0.662,49.538711172051265,0.09203803539276123,4.7281519238373366e-07,0.23515264880753559,-80.27782440185547,-0.392719566822052,-0.6215791702270508,1740724515.8354452,-0.48475760221481323,220
220,220,0.625,-63.5527458190918,-0.51927250623703,13153.158309949,0.65,44.40333512969027,0.1575518697500229,4.723901296822076e-07,0.23622152448393346,-65.53096008300781,-0.26380184292793274,-0.35992714762687683,1740724575.7877524,-0.42135369777679443,221
221,221,0.75,-88.10809326171875,-0.32290250062942505,13212.044879427,0.6881,51.76263684304934,0.27853068709373474,4.7196196368785965e-07,0.23729040016033134,-95.60383605957031,-0.22392608225345612,-0.34348025918006897,1740724634.6775124,-0.502456784248352,222
222,222,0.8125,-84.29327392578125,-0.504885733127594,13272.374354645,0.6594,46.87626294662682,0.23032820224761963,4.715307003754356e-07,0.23835927583672925,-76.1766586303711,-0.2923489212989807,-0.5766574740409851,1740724695.0057328,-0.5226770639419556,223
223,223,0.6875,-78.6811294555664,-0.4341808259487152,13331.110253337,0.6875,51.18763987682207,0.2556845545768738,4.7109634576290167e-07,0.23942815151312713,-69.86634826660156,-0.2769951820373535,-0.445773184299469,1740724753.7408152,-0.5326796770095825,224
224,224,0.8125,-65.64553833007812,-0.370847225189209,13391.442259454,0.6253,45.981350884906774,0.3700694441795349,4.706589059113615e-07,0.240497027189525,-63.233642578125,-0.19624972343444824,-0.3944641053676605,1740724814.075551,-0.5663191676139832,225
225,225,0.5625,-93.92221069335938,-0.5481533408164978,13450.642463821,0.6601,43.84466737008342,0.10118971019983292,4.702183869249704e-07,0.24156590286592292,-91.58164978027344,-0.37994658946990967,-0.46232476830482483,1740724873.2763975,-0.481136292219162,226
226,226,0.5,-115.77696990966797,-0.5013536810874939,13509.402416753,0.6663,46.98881404853256,0.1270935982465744,4.6977479495085116e-07,0.2426347785423208,-101.46240234375,-0.38238799571990967,-0.5261123776435852,1740724932.0360322,-0.5094816088676453,227
227,227,0.4375,-74.72831726074219,-0.629673957824707,13569.602215864,0.6755,48.76677589707164,-0.13436353206634521,4.693281361790077e-07,0.24370365421871867,-86.39525604248047,-0.4237436354160309,-0.575675904750824,1740724992.233499,-0.28938013315200806,228
228,228,0.625,-65.17424011230469,-0.2697451710700989,13629.206465674,0.6433,45.34520741093761,0.11649418622255325,4.68878416842239e-07,0.24477252989511658,-65.85917663574219,-0.39264729619026184,-0.23064611852169037,1740725051.8380756,-0.5091414451599121,229
229,229,0.625,-105.33721160888672,-0.549762487411499,13687.850301092,0.6696,44.21094648360664,0.12854677438735962,4.6842564321605194e-07,0.24584140557151446,-110.8861312866211,-0.4279248118400574,-0.5531438589096069,1740725110.482801,-0.556471586227417,230
230,230,0.375,-95.30741882324219,-0.46229463815689087,13746.074281064,0.6775,48.66231744388676,-0.02633991278707981,4.679698216185738e-07,0.24691028124791234,-86.26656341552734,-0.41312405467033386,-0.43960070610046387,1740725168.7035284,-0.3867841362953186,231
231,231,0.5625,-119.68586730957031,-0.6154512763023376,13805.154371406,0.6469,44.120953891145916,0.1584363728761673,4.6751095841046403e-07,0.24797915692431025,-89.81932067871094,-0.4865099787712097,-0.6742694973945618,1740725227.79045,-0.6449463367462158,232
232,232,0.4375,-64.21969604492188,-0.5074494481086731,13865.058481913,0.6775,42.13750029958562,0.013555137440562248,4.670490599948257e-07,0.24904803260070812,-72.55072784423828,-0.3229355812072754,-0.47414302825927734,1740725287.6895933,-0.3364907503128052,233
233,233,0.5625,-101.11184692382812,-0.6742848753929138,13924.418430491,0.6333,42.84784298408359,0.0797385573387146,4.6658413281711574e-07,0.25011690827710603,-100.99594116210938,-0.503240704536438,-0.6027016043663025,1740725347.0498214,-0.5829792022705078,234
234,234,0.5625,-65.08856201171875,-0.5430296063423157,13982.982357628,0.6853,48.9182851330956,0.07132578641176224,4.6611618336505555e-07,0.2511857839535039,-62.5911865234375,-0.3286679983139038,-0.5158679485321045,1740725405.6149526,-0.39999377727508545,235
235,235,0.625,-92.33719635009766,-0.41451922059059143,14042.448883086,0.6675,51.07488134810671,0.16161948442459106,4.6564521816854e-07,0.2522546596299018,-102.08030700683594,-0.34109535813331604,-0.40522319078445435,1740725465.1246603,-0.5027148127555847,236
236,236,0.75,-83.09347534179688,-0.6522138714790344,14102.289372429,0.6562,46.79044223814903,0.23289887607097626,4.651712437995465e-07,0.2533235353062997,-79.04657745361328,-0.2247401475906372,-0.6270825862884521,1740725524.9649718,-0.45763903856277466,237
237,237,0.6875,-87.07301330566406,-0.6734750270843506,14161.762274404,0.6494,43.675665236005024,0.248111754655838,4.6469426687204337e-07,0.25439241098269755,-79.43573760986328,-0.3802206516265869,-0.65139240026474,1740725584.394112,-0.6283324360847473,238
238,238,0.5625,-86.58629608154297,-0.6375641226768494,14221.046396182,0.6432,46.181056227156326,0.0037551280111074448,4.642142940418973e-07,0.25546128665909545,-90.637451171875,-0.40568020939826965,-0.6425874829292297,1740725643.6765385,-0.40943533182144165,239
239,239,0.5625,-69.57475280761719,-0.29223379492759705,14280.050350736,0.6733,44.121193231045105,0.18380719423294067,4.637313320067807e-07,0.25653016233549336,-59.161136627197266,-0.30480581521987915,-0.32122936844825745,1740725702.6827781,-0.4886130690574646,240
240,240,0.8125,-96.3680419921875,-0.5655807852745056,14339.594511222,0.6057,44.90279609538385,0.3213481307029724,4.6324538750607833e-07,0.25759903801189127,-93.09552764892578,-0.3130645453929901,-0.5720746517181396,1740725762.2249599,-0.6344125866889954,241
241,241,0.625,-114.33985900878906,-0.47192323207855225,14398.8384693,0.6414,47.34401283134289,0.003193393349647522,4.6275646732079276e-07,0.2586679136882891,-92.48828125,-0.505727231502533,-0.4434150159358978,1740725821.469586,-0.5089206099510193,242
242,242,0.5625,-70.02374267578125,-0.6347178220748901,14459.006309169,0.6321,47.893712563956214,0.22488796710968018,4.6226457827345034e-07,0.259736789364687,-87.0162124633789,-0.4497029781341553,-0.49624738097190857,1740725881.6390905,-0.6745910048484802,243
243,243,0.75,-131.9972686767578,-0.6337332725524902,14519.782349237,0.6362,40.63003013070702,0.24745318293571472,4.6176972722800565e-07,0.26080566504108493,-114.64537048339844,-0.5120584964752197,-0.572891116142273,1740725942.4145133,-0.7595117092132568,244
244,244,0.4375,-55.46316909790039,-0.4204100966453552,14578.71840889,0.6679,47.23833542975635,-0.029512636363506317,4.612719210897458e-07,0.2618745407174828,-54.778350830078125,-0.4610608220100403,-0.5110943913459778,1740726001.3491082,-0.43154820799827576,245
245,245,0.625,-100.90525817871094,-0.4184463322162628,14636.950292567,0.6117,41.97692165275624,0.08107168227434158,4.6077116680519414e-07,0.2629434163938807,-84.53579711914062,-0.4946821928024292,-0.5753882527351379,1740726059.5837467,-0.5757538676261902,246
246,246,0.5625,-70.28532409667969,-0.5498752593994141,14697.658311329,0.6649,44.204838892669095,0.054588060826063156,4.6026747136201306e-07,0.2640122920702786,-70.12531280517578,-0.3408973813056946,-0.5032204389572144,1740726120.2939477,-0.39548543095588684,247
247,247,0.75,-91.05247497558594,-0.5146084427833557,14757.950291118,0.6097,45.77144089870623,0.22354890406131744,4.5976084178890697e-07,0.26508116774667645,-73.34982299804688,-0.2757115662097931,-0.5320960879325867,1740726180.5816667,-0.49926045536994934,248
248,248,0.5625,-55.3944206237793,-0.44273805618286133,14817.650284997,0.6121,44.783755888842045,0.180132195353508,4.592512851555237e-07,0.26615004342307436,-62.08756637573242,-0.4020380675792694,-0.5045772194862366,1740726240.2864156,-0.5821702480316162,249
249,249,0.5625,-63.083953857421875,-0.35888156294822693,14874.602459514,0.6804,47.43460166006606,0.06711656600236893,4.587388085723562e-07,0.26721891909947226,-60.23286819458008,-0.304279625415802,-0.42945927381515503,1740726297.2317111,-0.37139618396759033,250
250,250,0.5625,-100.24592590332031,-0.4389089345932007,14933.122428539,0.6273,45.49119920236112,0.06429309397935867,4.582234191906432e-07,0.2682877947758701,-117.29197692871094,-0.39273208379745483,-0.35169729590415955,1740726355.7550056,-0.4570251703262329,251
251,251,0.5,-108.62318420410156,-0.6422884464263916,14992.262001744,0.6365,45.4103186894465,0.1647544950246811,4.5770512420226933e-07,0.269356670452268,-100.75918579101562,-0.5198188424110413,-0.6607803702354431,1740726414.937605,-0.6845733523368835,252
252,252,0.625,-59.47607421875,-0.5772768259048462,15049.692740475,0.6135,43.75439384777597,0.33792707324028015,4.571839308396649e-07,0.27042554612866593,-67.3292465209961,-0.30635976791381836,-0.6056745052337646,1740726472.3683157,-0.6442868113517761,253
253,253,0.5625,-114.62950897216797,-0.6400940418243408,15108.537234607,0.5972,46.41646498390698,0.021278206259012222,4.5665984637570505e-07,0.2714944218050638,-119.80416870117188,-0.43960508704185486,-0.6346226930618286,1740726531.212843,-0.4608832895755768,254
254,254,0.5625,-75.05316162109375,-0.405157208442688,15166.494298619,0.6662,53.19879882984848,0.1225084587931633,4.561328781236079e-07,0.2725632974814617,-75.62428283691406,-0.3920648992061615,-0.45825403928756714,1740726589.1262634,-0.5145733952522278,255
255,255,0.625,-76.12134552001953,-0.4888021647930145,15225.726352278,0.6051,46.764751240306296,0.18670722842216492,4.556030334368329e-07,0.2736321731578596,-86.53876495361328,-0.47368741035461426,-0.5180402994155884,1740726648.3615296,-0.6603946685791016,256
256,256,0.625,-98.23351287841797,-0.7492995858192444,15285.250402149,0.6345,47.01272358281672,0.09081435948610306,4.550703197089782e-07,0.27470104883425744,-95.1689453125,-0.3905795216560364,-0.8489904999732971,1740726707.8826995,-0.48139384388923645,257
257,257,0.75,-89.78408813476562,-0.6212628483772278,15343.638524106,0.6092,47.73344438986895,0.2447013407945633,4.545347443736769e-07,0.27576992451065535,-80.61415100097656,-0.4051656424999237,-0.5658861398696899,1740726766.2691948,-0.6498669981956482,258
258,258,0.5625,-104.59436798095703,-0.7030103206634521,15402.534451237,0.6526,46.698201028744215,0.2417488396167755,4.539963149044942e-07,0.27683880018705326,-102.96981048583984,-0.5481176376342773,-0.5420721769332886,1740726825.168369,-0.7898664474487305,259
259,259,0.6875,-105.94773864746094,-0.5675908327102661,15461.602500504,0.6369,47.92293331153836,0.2639877498149872,4.534550388148224e-07,0.2779076758634511,-102.37875366210938,-0.4795668423175812,-0.6776142120361328,1740726884.2395427,-0.7435545921325684,260
260,260,0.625,-58.09917449951172,-0.5136460661888123,15517.914294907,0.6797,54.41642275300487,0.24638298153877258,4.529109236577764e-07,0.278976551539849,-63.61137008666992,-0.43917757272720337,-0.5163100361824036,1740726940.553653,-0.6855605840682983,261
261,261,0.6875,-78.45020294189453,-0.4827490448951721,15576.826515854,0.6646,45.80917902231975,0.22306081652641296,4.523639770260883e-07,0.2800454272162469,-81.0072250366211,-0.4302713871002197,-0.3990779221057892,1740726999.4588518,-0.6533321738243103,262
262,262,0.375,-83.53301239013672,-0.44921576976776123,15635.45044515,0.6284,47.63567956630295,0.10618318617343903,4.518142065520013e-07,0.2811143028926448,-77.95829772949219,-0.6013210415840149,-0.4566762447357178,1740727058.0795937,-0.7075042128562927,263
263,263,0.625,-90.48866271972656,-0.4005447030067444,15694.014490139,0.6228,46.22942004724136,0.2520250082015991,4.5126161990716316e-07,0.2821831785690427,-83.92041015625,-0.4779060482978821,-0.4619044065475464,1740727116.645679,-0.7299310564994812,264
264,264,0.5625,-75.93274688720703,-0.4917408525943756,15753.126479342,0.6658,50.40569038521067,0.15079288184642792,4.507062248025195e-07,0.2832520542454406,-86.70878601074219,-0.41303083300590515,-0.4952063262462616,1740727175.7560833,-0.5638236999511719,265
265,265,0.4375,-101.51872253417969,-0.5201233625411987,15813.034391041,0.6322,48.446555612124094,-0.1211036667227745,4.501480289882058e-07,0.28432092992183844,-109.64143371582031,-0.7836360931396484,-0.4893360435962677,1740727235.6685567,-0.662532389163971,266
266,266,0.6875,-58.86985778808594,-0.4607558846473694,15872.926415742,0.6597,46.61226667951975,0.1501743346452713,4.495870402534394e-07,0.28538980559823635,-62.79174041748047,-0.3900878131389618,-0.4233121871948242,1740727295.5647204,-0.5402621626853943,267
267,267,0.8125,-92.21553802490234,-0.6614636182785034,15932.602397304,0.5952,44.22937697784403,0.2691773474216461,4.490232664264109e-07,0.28645868127463425,-95.50904846191406,-0.362070769071579,-0.6101589798927307,1740727355.2336233,-0.6312481164932251,268
268,268,0.5,-93.1893310546875,-0.451047420501709,15992.774220015,0.6255,45.96361353762417,0.20555026829242706,4.484567153741748e-07,0.28752755695103216,-80.61319732666016,-0.40476125478744507,-0.4685596227645874,1740727415.4068427,-0.6103114485740662,269
269,269,0.5,-91.6321029663086,-0.6469665169715881,16052.958296511,0.6311,45.707454601161295,0.10809177905321121,4.478873950025398e-07,0.28859643262743,-103.38375091552734,-0.6165040731430054,-0.6906070709228516,1740727475.5903196,-0.7245957851409912,270
270,270,0.75,-70.50325012207031,-0.66817307472229,16111.666254147,0.5589,43.14374571306555,0.391807496547699,4.4731531325595827e-07,0.2896653083038279,-65.99967193603516,-0.3797687292098999,-0.5715748071670532,1740727534.299498,-0.7715761661529541,271
271,271,0.4375,-92.8830795288086,-0.3968721628189087,16176.990262584,0.6492,51.894229339235714,-0.032065682113170624,4.4674047811741584e-07,0.2907341839802258,-83.78587341308594,-0.5096140503883362,-0.6038673520088196,1740727599.6229768,-0.4775483310222626,272
272,272,0.625,-88.76500701904297,-0.45032116770744324,16234.586359345,0.6899,54.227756129439115,0.04723647981882095,4.4616289760831947e-07,0.2918030596566237,-89.32388305664062,-0.5577266216278076,-0.4464685320854187,1740727657.2183847,-0.6049630641937256,273
273,273,0.5625,-82.3352279663086,-0.7352756857872009,16293.510371314,0.5901,47.455639744266556,0.065310537815094,4.4558257978838596e-07,0.2928719353330216,-100.36961364746094,-0.5238223075866699,-0.6798839569091797,1740727716.1431293,-0.5891327857971191,274
274,274,0.75,-105.14350891113281,-0.5219056606292725,16350.986400461,0.5928,42.31211064723726,0.22002585232257843,4.4499953275552927e-07,0.2939408110094195,-102.02418518066406,-0.5900364518165588,-0.5042812824249268,1740727773.6183624,-0.8100622892379761,275
275,275,0.75,-84.80073547363281,-0.7415496110916138,16408.838490414,0.6415,48.30204980279784,0.1422540545463562,4.4441376464574736e-07,0.29500968668581734,-74.22154998779297,-0.6933090686798096,-0.8585505485534668,1740727831.468295,-0.8355631828308105,276
276,276,0.625,-93.67255401611328,-0.5895063877105713,16467.59448513,0.6436,45.72196284447191,0.2030949741601944,4.4382528363300907e-07,0.29607856236221525,-92.7214584350586,-0.4633667469024658,-0.5835852026939392,1740727890.2266462,-0.6664617657661438,277
277,277,0.5625,-100.9891586303711,-0.3578450679779053,16525.464269089,0.6661,52.51839510016073,0.06498527526855469,4.432340979291397e-07,0.29714743803861315,-94.16851043701172,-0.36663490533828735,-0.4019390046596527,1740727948.0928583,-0.43162018060684204,278
278,278,0.5,-95.48565673828125,-0.7449591159820557,16584.758352872,0.6635,54.05174253511141,0.1681203693151474,4.4264021578370663e-07,0.298216313715011,-105.79524230957031,-0.8202222585678101,-0.5672609210014343,1740728007.3893893,-0.9883426427841187,279
279,279,0.6875,-78.67449951171875,-0.5494287014007568,16641.468948343,0.6774,73.6360708780072,0.26221781969070435,4.4204364548390404e-07,0.2992851893914089,-81.42434692382812,-0.5027481317520142,-0.5094298720359802,1740728064.1446424,-0.7649660110473633,280
280,280,0.5625,-91.82203674316406,-0.6282663941383362,16706.886320545,0.6088,46.245530787603634,0.14050902426242828,4.4144439535443757e-07,0.3003540650678068,-96.58604431152344,-0.692187488079071,-0.6863865256309509,1740728129.5227685,-0.8326964974403381,281
281,281,0.5,-103.04415130615234,-0.6432681083679199,16766.026394125,0.6189,44.84852874536958,0.1392548680305481,4.408424737574075e-07,0.30142294074420467,-93.08255004882812,-0.4945400059223175,-0.6766933798789978,1740728188.6607082,-0.6337949633598328,282
282,282,0.5,-109.28836822509766,-0.5849683284759521,16820.03913064,0.6859,47.66009530281078,0.12463052570819855,4.4023788909219297e-07,0.3024918164206026,-105.6685791015625,-0.7588936686515808,-0.5312920808792114,1740728242.7147384,-0.8835242986679077,283
283,283,0.5,-84.5157699584961,-0.5260719060897827,16868.198422999,0.5903,44.81729533519443,0.1975075602531433,4.396306497953339e-07,0.3035606920970005,-77.50357818603516,-0.5804193019866943,-0.5786758065223694,1740728290.8297484,-0.7779268622398376,284
284,284,0.625,-87.81397247314453,-0.5283193588256836,16916.042484542,0.6136,44.19177517903523,0.23745442926883698,4.390207643404141e-07,0.30462956777339834,-100.00521087646484,-0.3948933184146881,-0.5118924975395203,1740728338.6724687,-0.6323477625846863,285
285,285,0.5,-89.72709655761719,-0.46587902307510376,16964.018329952,0.6459,45.08488234435523,0.08237293362617493,4.384082412379423e-07,0.30569844344979624,-85.93438720703125,-0.525926411151886,-0.3963916003704071,1740728386.654033,-0.6082993745803833,286
286,286,0.75,-85.3331298828125,-0.5997673273086548,17012.029036366,0.6415,47.18232470092124,0.22975444793701172,4.3779308903523365e-07,0.30676731912619415,-92.92112731933594,-0.5009273886680603,-0.5782656669616699,1740728434.704625,-0.730681836605072,287
287,287,0.6875,-71.22744750976562,-0.6330364942550659,17059.983974539,0.585,44.77322930679381,0.23469632863998413,4.371753163162907e-07,0.307836194802592,-75.09436798095703,-0.46674031019210815,-0.7411874532699585,1740728482.6596868,-0.7014366984367371,288
288,288,0.625,-90.10536193847656,-0.38413822650909424,17108.038460333,0.6624,49.6921209434983,0.22903217375278473,4.365549317016832e-07,0.3089050704789899,-78.63578796386719,-0.6464724540710449,-0.4336034655570984,1740728530.6708014,-0.8755046129226685,289
289,289,0.5625,-104.57643127441406,-0.6307219862937927,17155.894572794,0.6337,49.3289944846112,0.04495357722043991,4.3593194384842814e-07,0.3099739461553878,-111.14388275146484,-0.8069350719451904,-0.6153321862220764,1740728578.527175,-0.8518887162208557,290
290,290,0.6875,-106.7624282836914,-0.44292280077934265,17203.910214775,0.6523,50.43535864910439,0.08232039213180542,4.3530636144986876e-07,0.31104282183178567,-102.38688659667969,-0.7637424468994141,-0.41656309366226196,1740728626.5414145,-0.8460628390312195,291
